date,AWND,PRCP,TMAX,TMIN
2019-01-01,5.8,0.0,55.0,36.0
2019-01-02,4.0,0.0,57.0,33.0
2019-01-03,2.7,0.0,58.0,34.0
2019-01-04,3.4,0.0,62.0,35.0
2019-01-05,13.2,0.1,56.0,46.0
2019-01-06,12.8,0.79,59.0,43.0
2019-01-07,5.8,0.0,62.0,49.0
2019-01-08,7.8,0.02,61.0,51.0
2019-01-09,7.8,0.11,61.0,50.0
2019-01-10,3.1,0.0,62.0,43.0
2019-01-11,9.6,0.04,64.0,45.0
2019-01-12,6.5,0.0,64.0,47.0
2019-01-13,6.3,0.0,62.0,43.0
2019-01-14,8.1,0.08,57.0,48.0
2019-01-15,13.4,0.21,57.0,51.0
2019-01-16,17.4,1.02,61.0,54.0
2019-01-17,6.5,0.05,60.0,52.0
2019-01-18,2.7,0.0,64.0,50.0
2019-01-19,3.4,0.0,69.0,49.0
2019-01-20,6.9,0.21,65.0,47.0
2019-01-21,6.5,0.01,56.0,43.0
2019-01-22,5.6,0.0,59.0,41.0
2019-01-23,3.1,0.0,61.0,37.0
2019-01-24,5.4,0.0,64.0,40.0
2019-01-25,2.9,0.0,66.0,39.0
2019-01-26,1.8,0.0,65.0,38.0
2019-01-27,2.2,0.0,66.0,43.0
2019-01-28,2.9,0.0,65.0,49.0
2019-01-29,4.3,0.01,64.0,48.0
2019-01-30,3.4,0.0,66.0,51.0
2019-01-31,4.0,0.24,63.0,50.0
2019-02-01,13.9,0.06,59.0,52.0
2019-02-02,17.7,0.91,59.0,50.0
2019-02-03,9.6,0.15,59.0,48.0
2019-02-04,7.4,0.85,56.0,42.0
2019-02-05,5.4,0.04,50.0,37.0
2019-02-06,4.9,0.0,55.0,34.0
2019-02-07,5.1,0.0,57.0,35.0
2019-02-08,8.3,0.25,53.0,42.0
2019-02-09,7.6,0.32,56.0,36.0
2019-02-10,7.4,0.32,51.0,39.0
2019-02-11,4.9,0.0,55.0,35.0
2019-02-12,7.6,0.0,55.0,37.0
2019-02-13,19.7,0.52,63.0,42.0
2019-02-14,9.6,0.99,62.0,48.0
2019-02-15,6.5,0.33,53.0,42.0
2019-02-16,7.8,0.29,53.0,42.0
2019-02-17,8.5,0.26,53.0,39.0
2019-02-18,5.8,0.0,55.0,34.0
2019-02-19,5.6,0.0,56.0,33.0
2019-02-20,13.0,0.0,56.0,45.0
2019-02-21,13.0,0.0,56.0,40.0
2019-02-22,5.8,0.0,56.0,35.0
2019-02-23,4.7,0.0,58.0,33.0
2019-02-24,4.3,0.0,60.0,43.0
2019-02-25,10.7,0.0,57.0,47.0
2019-02-26,15.7,0.05,60.0,52.0
2019-02-27,12.8,0.21,64.0,51.0
2019-02-28,5.6,0.06,59.0,48.0
2019-03-01,1.3,0.0,59.0,44.0
2019-03-02,8.3,0.57,65.0,51.0
2019-03-03,5.4,0.08,63.0,51.0
2019-03-04,4.7,0.0,58.0,49.0
2019-03-05,9.6,0.12,59.0,50.0
2019-03-06,13.0,0.54,62.0,53.0
2019-03-07,5.1,0.05,55.0,46.0
2019-03-08,7.4,0.01,56.0,41.0
2019-03-09,11.6,0.06,53.0,41.0
2019-03-10,9.4,0.04,58.0,44.0
2019-03-11,5.6,0.0,63.0,40.0
2019-03-12,10.7,0.0,61.0,39.0
2019-03-13,10.5,0.0,61.0,43.0
2019-03-14,7.2,0.0,65.0,39.0
2019-03-15,4.7,0.0,68.0,39.0
2019-03-16,4.9,0.0,71.0,42.0
2019-03-17,3.1,0.0,74.0,44.0
2019-03-18,3.6,0.0,78.0,47.0
2019-03-19,6.5,0.06,72.0,50.0
2019-03-20,7.8,0.26,64.0,46.0
2019-03-21,5.8,0.0,63.0,43.0
2019-03-22,8.5,0.17,59.0,45.0
2019-03-23,8.3,0.28,62.0,46.0
2019-03-24,4.7,0.0,67.0,41.0
2019-03-25,8.7,0.29,68.0,48.0
2019-03-26,5.6,0.05,67.0,51.0
2019-03-27,10.7,0.22,64.0,49.0
2019-03-28,7.2,0.01,65.0,45.0
2019-03-29,7.4,0.0,64.0,45.0
2019-03-30,6.3,0.0,68.0,45.0
2019-03-31,5.1,0.0,75.0,44.0
2019-04-01,4.9,0.03,65.0,50.0
2019-04-02,6.7,0.05,67.0,52.0
2019-04-03,5.8,0.0,63.0,52.0
2019-04-04,8.7,0.0,62.0,52.0
2019-04-05,7.2,0.04,65.0,52.0
2019-04-06,7.8,0.0,69.0,52.0
2019-04-07,7.2,0.0,75.0,53.0
2019-04-08,7.4,0.0,75.0,56.0
2019-04-09,15.0,0.0,66.0,52.0
2019-04-10,12.1,0.0,69.0,48.0
2019-04-11,9.4,0.0,64.0,47.0
2019-04-12,7.8,0.0,70.0,47.0
2019-04-13,6.0,0.0,76.0,48.0
2019-04-14,6.9,0.0,66.0,48.0
2019-04-15,5.1,0.04,67.0,49.0
2019-04-16,8.9,0.04,66.0,50.0
2019-04-17,6.3,0.0,74.0,47.0
2019-04-18,4.9,0.0,82.0,50.0
2019-04-19,6.3,0.0,76.0,55.0
2019-04-20,9.4,0.0,65.0,52.0
2019-04-21,7.4,0.0,71.0,47.0
2019-04-22,6.3,0.0,82.0,49.0
2019-04-23,4.5,0.0,88.0,50.0
2019-04-24,5.4,0.0,89.0,59.0
2019-04-25,6.3,0.0,78.0,54.0
2019-04-26,4.7,0.0,80.0,51.0
2019-04-27,8.5,0.0,75.0,52.0
2019-04-28,8.7,0.0,72.0,51.0
2019-04-29,10.7,0.0,70.0,51.0
2019-04-30,10.5,0.0,70.0,53.0
2019-05-01,6.9,0.0,75.0,48.0
2019-05-02,6.3,0.0,76.0,49.0
2019-05-03,6.7,0.0,76.0,51.0
2019-05-04,6.9,0.0,70.0,50.0
2019-05-05,7.2,0.01,67.0,53.0
2019-05-06,5.6,0.02,69.0,53.0
2019-05-07,7.6,0.0,70.0,56.0
2019-05-08,8.1,0.0,74.0,56.0
2019-05-09,6.5,0.0,69.0,57.0
2019-05-10,7.8,0.0,75.0,56.0
2019-05-11,7.6,0.0,72.0,55.0
2019-05-12,6.7,0.0,72.0,54.0
2019-05-13,7.8,0.0,72.0,52.0
2019-05-14,6.7,0.0,68.0,56.0
2019-05-15,11.0,0.36,69.0,53.0
2019-05-16,8.3,0.11,62.0,51.0
2019-05-17,7.6,0.0,66.0,50.0
2019-05-18,9.8,0.26,60.0,45.0
2019-05-19,4.9,0.47,62.0,48.0
2019-05-20,6.0,0.0,66.0,48.0
2019-05-21,11.4,0.14,62.0,50.0
2019-05-22,10.5,0.01,72.0,53.0
2019-05-23,9.4,0.0,74.0,54.0
2019-05-24,8.5,0.0,72.0,55.0
2019-05-25,7.6,0.0,71.0,55.0
2019-05-26,8.9,0.06,63.0,53.0
2019-05-27,6.5,0.0,66.0,51.0
2019-05-28,7.2,0.0,73.0,54.0
2019-05-29,8.1,0.0,76.0,53.0
2019-05-30,6.9,0.0,70.0,55.0
2019-05-31,6.5,0.0,78.0,55.0
2019-06-01,6.7,0.0,81.0,56.0
2019-06-02,9.6,0.0,77.0,56.0
2019-06-03,6.3,0.0,78.0,57.0
2019-06-04,5.6,0.0,86.0,57.0
2019-06-05,6.5,0.0,84.0,58.0
2019-06-06,8.1,0.0,75.0,55.0
2019-06-07,8.9,0.0,75.0,51.0
2019-06-08,8.1,0.0,85.0,54.0
2019-06-09,4.0,0.0,93.0,59.0
2019-06-10,4.9,0.0,100.0,67.0
2019-06-11,5.8,0.0,99.0,67.0
2019-06-12,6.7,0.0,95.0,
2019-06-13,7.8,0.0,81.0,59.0
2019-06-14,7.2,0.0,77.0,56.0
2019-06-15,7.8,0.0,70.0,57.0
2019-06-16,6.5,0.0,73.0,57.0
2019-06-17,9.2,0.0,81.0,54.0
2019-06-18,7.6,0.0,80.0,58.0
2019-06-19,9.2,0.0,79.0,58.0
2019-06-20,10.5,0.0,78.0,59.0
2019-06-21,8.5,0.0,79.0,56.0
2019-06-22,7.4,0.0,88.0,56.0
2019-06-23,6.5,0.0,89.0,60.0
2019-06-24,6.9,0.0,84.0,58.0
2019-06-25,8.3,0.0,81.0,56.0
2019-06-26,9.6,0.0,73.0,57.0
2019-06-27,10.7,0.0,74.0,55.0
2019-06-28,6.5,0.0,77.0,56.0
2019-06-29,6.5,0.0,76.0,53.0
2019-06-30,7.8,0.0,76.0,55.0
2019-07-01,6.9,0.0,77.0,56.0
2019-07-02,6.7,0.0,76.0,56.0
2019-07-03,7.8,0.0,78.0,56.0
2019-07-04,7.8,0.0,78.0,55.0
2019-07-05,7.2,0.0,82.0,55.0
2019-07-06,6.0,0.0,82.0,54.0
2019-07-07,8.1,0.0,78.0,56.0
2019-07-08,9.2,0.0,72.0,56.0
2019-07-09,8.7,0.0,75.0,56.0
2019-07-10,7.8,0.0,77.0,63.0
2019-07-11,8.1,0.0,80.0,60.0
2019-07-12,6.7,0.0,80.0,59.0
2019-07-13,6.5,0.0,78.0,56.0
2019-07-14,6.5,0.0,78.0,58.0
2019-07-15,7.8,0.0,85.0,61.0
2019-07-16,6.9,0.0,84.0,59.0
2019-07-17,9.4,0.0,85.0,58.0
2019-07-18,9.6,0.0,84.0,57.0
2019-07-19,11.2,0.0,84.0,59.0
2019-07-20,7.8,0.0,79.0,60.0
2019-07-21,7.8,0.0,82.0,59.0
2019-07-22,6.0,0.0,86.0,61.0
2019-07-23,7.6,0.0,81.0,61.0
2019-07-24,6.3,0.0,92.0,61.0
2019-07-25,7.2,0.0,86.0,63.0
2019-07-26,7.2,0.0,81.0,58.0
2019-07-27,5.8,0.0,89.0,58.0
2019-07-28,6.9,0.0,88.0,62.0
2019-07-29,9.6,0.0,80.0,57.0
2019-07-30,6.7,0.0,78.0,57.0
2019-07-31,8.3,0.0,84.0,57.0
2019-08-01,9.2,0.0,76.0,56.0
2019-08-02,7.6,0.0,80.0,56.0
2019-08-03,6.5,0.0,85.0,60.0
2019-08-04,7.4,0.0,84.0,63.0
2019-08-05,5.8,0.0,87.0,62.0
2019-08-06,6.7,0.0,86.0,60.0
2019-08-07,7.8,0.0,78.0,59.0
2019-08-08,7.4,0.0,77.0,59.0
2019-08-09,7.6,0.0,81.0,60.0
2019-08-10,8.9,0.0,81.0,64.0
2019-08-11,8.7,0.0,85.0,61.0
2019-08-12,7.2,0.0,91.0,60.0
2019-08-13,5.8,0.0,91.0,61.0
2019-08-14,5.4,0.0,98.0,65.0
2019-08-15,5.8,0.0,99.0,67.0
2019-08-16,8.3,0.0,95.0,64.0
2019-08-17,12.3,0.0,84.0,60.0
2019-08-18,12.3,0.0,79.0,60.0
2019-08-19,8.1,0.0,78.0,59.0
2019-08-20,9.2,0.0,76.0,61.0
2019-08-21,6.9,0.0,85.0,58.0
2019-08-22,6.7,0.0,88.0,64.0
2019-08-23,7.4,0.0,84.0,63.0
2019-08-24,7.4,0.0,79.0,61.0
2019-08-25,6.7,0.0,84.0,61.0
2019-08-26,6.3,0.0,91.0,60.0
2019-08-27,6.5,0.0,87.0,61.0
2019-08-28,7.6,0.0,78.0,61.0
2019-08-29,8.1,0.0,80.0,66.0
2019-08-30,5.6,0.0,80.0,60.0
2019-08-31,4.9,0.0,90.0,59.0
2019-09-01,6.3,0.0,89.0,62.0
2019-09-02,7.6,0.0,81.0,62.0
2019-09-03,6.9,0.0,80.0,60.0
2019-09-04,6.9,0.0,85.0,61.0
2019-09-05,8.7,0.0,76.0,60.0
2019-09-06,7.6,0.0,76.0,60.0
2019-09-07,8.5,0.0,72.0,59.0
2019-09-08,6.9,0.0,77.0,55.0
2019-09-09,7.6,0.0,78.0,56.0
2019-09-10,6.7,0.0,77.0,56.0
2019-09-11,5.8,0.0,85.0,56.0
2019-09-12,5.6,0.0,92.0,58.0
2019-09-13,5.6,0.0,96.0,61.0
2019-09-14,7.2,0.0,87.0,60.0
2019-09-15,7.6,0.0,78.0,58.0
2019-09-16,8.7,0.13,74.0,60.0
2019-09-17,6.9,0.0,78.0,55.0
2019-09-18,7.6,0.0,76.0,58.0
2019-09-19,6.0,0.0,78.0,56.0
2019-09-20,6.0,0.0,84.0,55.0
2019-09-21,5.8,0.0,87.0,58.0
2019-09-22,5.4,0.0,83.0,58.0
2019-09-23,6.5,0.0,84.0,59.0
2019-09-24,5.6,0.0,95.0,59.0
2019-09-25,4.5,0.0,99.0,64.0
2019-09-26,13.6,0.0,83.0,67.0
2019-09-27,10.3,0.0,76.0,56.0
2019-09-28,10.3,0.0,70.0,51.0
2019-09-29,7.2,0.0,69.0,47.0
2019-09-30,8.3,0.0,68.0,51.0
2019-10-01,5.8,0.0,71.0,45.0
2019-10-02,6.3,0.0,77.0,47.0
2019-10-03,5.8,0.0,74.0,48.0
2019-10-04,6.0,0.0,75.0,46.0
2019-10-05,4.9,0.0,80.0,48.0
2019-10-06,3.1,0.0,86.0,51.0
2019-10-07,4.7,0.0,88.0,56.0
2019-10-08,4.3,0.0,88.0,54.0
2019-10-09,7.4,0.0,74.0,53.0
2019-10-10,6.0,0.0,79.0,53.0
2019-10-11,3.1,0.0,81.0,49.0
2019-10-12,4.7,0.0,79.0,48.0
2019-10-13,4.7,0.0,75.0,49.0
2019-10-14,4.5,0.0,74.0,46.0
2019-10-15,3.8,0.0,72.0,48.0
2019-10-16,4.0,0.0,70.0,49.0
2019-10-17,10.5,0.01,70.0,54.0
2019-10-18,5.4,0.0,71.0,47.0
2019-10-19,5.4,0.0,73.0,46.0
2019-10-20,6.0,0.0,74.0,52.0
2019-10-21,4.7,0.0,83.0,51.0
2019-10-22,5.1,0.0,86.0,53.0
2019-10-23,3.4,0.0,85.0,56.0
2019-10-24,2.7,0.0,90.0,55.0
2019-10-25,4.5,0.0,89.0,56.0
2019-10-26,4.5,0.0,82.0,53.0
2019-10-27,12.3,0.0,71.0,53.0
2019-10-28,4.7,0.0,72.0,45.0
2019-10-29,5.4,0.0,74.0,43.0
2019-10-30,3.6,0.0,71.0,42.0
2019-10-31,3.6,0.0,73.0,42.0
2019-11-01,4.0,0.0,74.0,41.0
2019-11-02,2.7,0.0,76.0,41.0
2019-11-03,2.9,0.0,78.0,43.0
2019-11-04,2.9,0.0,75.0,47.0
2019-11-05,2.9,0.0,73.0,46.0
2019-11-06,2.9,0.0,67.0,49.0
2019-11-07,3.1,0.0,67.0,50.0
2019-11-08,2.9,0.0,69.0,51.0
2019-11-09,3.8,0.0,67.0,50.0
2019-11-10,3.4,0.0,70.0,50.0
2019-11-11,1.6,0.0,78.0,47.0
2019-11-12,2.2,0.0,75.0,48.0
2019-11-13,2.7,0.0,68.0,51.0
2019-11-14,7.6,0.0,67.0,52.0
2019-11-15,7.4,0.0,68.0,56.0
2019-11-16,2.2,0.0,71.0,53.0
2019-11-17,1.6,0.0,74.0,48.0
2019-11-18,2.9,0.0,75.0,48.0
2019-11-19,7.4,0.05,67.0,52.0
2019-11-20,5.8,0.0,69.0,48.0
2019-11-21,4.9,0.0,66.0,45.0
2019-11-22,3.6,0.0,66.0,43.0
2019-11-23,2.9,0.0,69.0,43.0
2019-11-24,4.0,0.0,69.0,42.0
2019-11-25,9.6,0.0,65.0,41.0
2019-11-26,8.5,0.45,55.0,39.0
2019-11-27,6.0,0.38,50.0,41.0
2019-11-28,4.9,0.0,50.0,36.0
2019-11-29,4.9,0.05,54.0,36.0
2019-11-30,20.1,0.06,52.0,41.0
2019-12-01,25.1,0.04,56.0,52.0
2019-12-02,13.9,0.27,59.0,51.0
2019-12-03,1.8,0.01,61.0,48.0
2019-12-04,3.1,0.46,59.0,53.0
2019-12-05,3.4,0.0,64.0,46.0
2019-12-06,13.4,0.01,68.0,52.0
2019-12-07,11.4,0.43,65.0,57.0
2019-12-08,5.4,0.05,62.0,54.0
2019-12-09,4.5,0.0,58.0,52.0
2019-12-10,4.5,0.05,62.0,48.0
2019-12-11,8.9,0.0,64.0,54.0
2019-12-12,7.2,0.0,70.0,59.0
2019-12-13,4.5,0.01,63.0,56.0
2019-12-14,8.1,0.04,58.0,48.0
2019-12-15,5.8,0.0,57.0,42.0
2019-12-16,3.1,0.0,59.0,39.0
2019-12-17,3.8,0.0,61.0,40.0
2019-12-18,10.5,0.1,58.0,50.0
2019-12-19,4.0,0.0,63.0,48.0
2019-12-20,1.6,0.0,65.0,45.0
2019-12-21,6.3,0.0,60.0,44.0
2019-12-22,9.8,0.23,57.0,44.0
2019-12-23,3.8,0.0,54.0,38.0
2019-12-24,4.9,0.01,52.0,40.0
2019-12-25,10.7,0.07,54.0,46.0
2019-12-26,7.8,0.0,57.0,41.0
2019-12-27,3.8,0.0,57.0,34.0
2019-12-28,2.9,0.0,61.0,34.0
2019-12-29,6.3,0.24,56.0,42.0
2019-12-30,4.0,0.0,59.0,44.0
2019-12-31,3.1,0.0,64.0,38.0
2020-01-01,6.5,0.0,60.0,42.0
2020-01-02,4.5,0.0,61.0,45.0
2020-01-03,2.5,0.0,68.0,41.0
2020-01-04,7.4,0.0,61.0,45.0
2020-01-05,5.6,0.0,58.0,40.0
2020-01-06,4.7,0.0,62.0,39.0
2020-01-07,4.5,0.0,58.0,37.0
2020-01-08,5.1,0.0,57.0,46.0
2020-01-09,8.7,0.07,57.0,43.0
2020-01-10,3.8,0.0,61.0,37.0
2020-01-11,5.8,0.01,57.0,42.0
2020-01-12,4.0,0.0,55.0,37.0
2020-01-13,3.8,0.03,57.0,40.0
2020-01-14,5.8,0.07,55.0,40.0
2020-01-15,3.8,0.0,54.0,35.0
2020-01-16,11.9,0.49,50.0,42.0
2020-01-17,3.8,0.01,56.0,38.0
2020-01-18,1.3,0.0,56.0,39.0
2020-01-19,2.5,0.0,54.0,37.0
2020-01-20,3.4,0.0,58.0,44.0
2020-01-21,8.5,0.0,60.0,46.0
2020-01-22,2.5,0.0,63.0,48.0
2020-01-23,2.2,0.0,63.0,45.0
2020-01-24,4.0,0.0,65.0,45.0
2020-01-25,4.0,0.0,66.0,52.0
2020-01-26,6.0,0.11,62.0,48.0
2020-01-27,4.0,0.0,61.0,42.0
2020-01-28,4.5,0.01,62.0,48.0
2020-01-29,7.4,0.0,62.0,
2020-01-30,3.4,0.0,63.0,43.0
2020-01-31,2.0,0.0,69.0,44.0
2020-02-01,2.2,0.0,67.0,43.0
2020-02-02,14.1,0.0,57.0,42.0
2020-02-03,7.2,0.0,56.0,37.0
2020-02-04,8.1,0.0,56.0,35.0
2020-02-05,4.3,0.0,62.0,36.0
2020-02-06,3.1,0.0,68.0,40.0
2020-02-07,3.6,0.0,68.0,40.0
2020-02-08,4.7,0.0,60.0,46.0
2020-02-09,13.2,0.0,63.0,41.0
2020-02-10,7.4,0.0,72.0,47.0
2020-02-11,6.3,0.0,73.0,46.0
2020-02-12,4.9,0.0,70.0,44.0
2020-02-13,6.9,0.0,61.0,44.0
2020-02-14,3.4,0.0,64.0,48.0
2020-02-15,4.7,0.0,66.0,40.0
2020-02-16,5.8,0.0,62.0,43.0
2020-02-17,5.6,0.0,71.0,47.0
2020-02-18,4.5,0.0,69.0,45.0
2020-02-19,3.4,0.0,67.0,39.0
2020-02-20,3.8,0.0,69.0,41.0
2020-02-21,2.0,0.0,67.0,45.0
2020-02-22,8.7,0.0,67.0,49.0
2020-02-23,4.7,0.0,61.0,45.0
2020-02-24,4.9,0.0,70.0,44.0
2020-02-25,5.6,0.0,77.0,43.0
2020-02-26,3.8,0.0,77.0,46.0
2020-02-27,3.4,0.0,79.0,46.0
2020-02-28,5.4,0.0,76.0,49.0
2020-02-29,6.9,0.0,62.0,48.0
2020-03-01,6.7,0.0,60.0,40.0
2020-03-02,10.3,0.0,73.0,43.0
2020-03-03,5.8,0.0,76.0,46.0
2020-03-04,4.5,0.0,78.0,48.0
2020-03-05,6.9,0.0,67.0,48.0
2020-03-06,7.2,0.0,67.0,53.0
2020-03-07,7.2,0.27,58.0,50.0
2020-03-08,5.4,0.0,60.0,48.0
2020-03-09,3.6,0.0,67.0,45.0
2020-03-10,5.1,0.01,69.0,49.0
2020-03-11,6.9,0.0,73.0,53.0
2020-03-12,4.5,0.0,75.0,49.0
2020-03-13,11.9,0.0,64.0,48.0
2020-03-14,9.4,0.58,59.0,50.0
2020-03-15,7.8,0.5,54.0,45.0
2020-03-16,4.7,0.4,56.0,42.0
2020-03-17,6.0,0.04,58.0,37.0
2020-03-18,4.7,0.02,55.0,42.0
2020-03-19,3.6,0.0,61.0,45.0
2020-03-20,4.5,0.0,65.0,41.0
2020-03-21,3.1,0.0,62.0,45.0
2020-03-22,4.0,0.1,68.0,48.0
2020-03-23,6.3,0.0,58.0,48.0
2020-03-24,6.5,0.03,59.0,46.0
2020-03-25,5.8,0.06,56.0,42.0
2020-03-26,7.2,0.0,59.0,37.0
2020-03-27,5.8,0.0,59.0,38.0
2020-03-28,3.8,0.05,58.0,48.0
2020-03-29,7.4,0.0,64.0,50.0
2020-03-30,4.9,0.0,67.0,52.0
2020-03-31,6.9,0.0,67.0,50.0
2020-04-01,9.2,0.0,63.0,46.0
2020-04-02,7.6,0.0,66.0,42.0
2020-04-03,6.5,0.0,64.0,39.0
2020-04-04,8.5,0.21,63.0,41.0
2020-04-05,7.2,0.77,55.0,46.0
2020-04-06,2.9,0.22,52.0,42.0
2020-04-07,6.5,0.0,64.0,38.0
2020-04-08,6.5,0.0,66.0,49.0
2020-04-09,5.4,0.0,65.0,53.0
2020-04-10,8.9,0.0,66.0,53.0
2020-04-11,6.3,0.0,65.0,53.0
2020-04-12,4.7,0.0,68.0,52.0
2020-04-13,4.9,0.0,71.0,52.0
2020-04-14,5.6,0.0,78.0,47.0
2020-04-15,6.3,0.0,81.0,50.0
2020-04-16,6.0,0.0,67.0,53.0
2020-04-17,6.9,0.0,68.0,55.0
2020-04-18,7.8,0.0,69.0,54.0
2020-04-19,6.7,0.0,69.0,47.0
2020-04-20,8.7,0.0,65.0,54.0
2020-04-21,7.6,0.0,70.0,52.0
2020-04-22,7.8,0.0,76.0,48.0
2020-04-23,8.1,0.0,78.0,55.0
2020-04-24,6.7,0.0,84.0,54.0
2020-04-25,6.3,0.0,85.0,54.0
2020-04-26,7.6,0.0,76.0,52.0
2020-04-27,7.6,0.0,77.0,51.0
2020-04-28,6.7,0.0,84.0,56.0
2020-04-29,7.8,0.0,71.0,54.0
2020-04-30,7.8,0.0,76.0,52.0
2020-05-01,8.7,0.0,75.0,50.0
2020-05-02,6.9,0.0,74.0,55.0
2020-05-03,8.7,0.0,71.0,52.0
2020-05-04,6.7,0.0,80.0,45.0
2020-05-05,8.5,0.0,76.0,46.0
2020-05-06,8.1,0.0,81.0,51.0
2020-05-07,5.8,0.0,87.0,51.0
2020-05-08,5.1,0.0,91.0,55.0
2020-05-09,6.7,0.0,76.0,55.0
2020-05-10,8.7,0.0,73.0,54.0
2020-05-11,13.0,0.0,75.0,53.0
2020-05-12,9.4,0.04,69.0,55.0
2020-05-13,5.6,0.0,70.0,49.0
2020-05-14,6.5,0.0,74.0,53.0
2020-05-15,10.1,0.0,74.0,57.0
2020-05-16,7.4,0.0,77.0,55.0
2020-05-17,12.1,0.03,75.0,60.0
2020-05-18,8.7,0.06,71.0,54.0
2020-05-19,9.2,0.0,71.0,50.0
2020-05-20,8.3,0.0,72.0,55.0
2020-05-21,7.8,0.0,79.0,51.0
2020-05-22,6.7,0.0,74.0,54.0
2020-05-23,7.6,0.0,83.0,51.0
2020-05-24,5.8,0.0,89.0,53.0
2020-05-25,5.8,0.0,95.0,62.0
2020-05-26,6.5,0.0,97.0,63.0
2020-05-27,6.9,0.0,94.0,62.0
2020-05-28,6.9,0.0,83.0,58.0
2020-05-29,12.5,0.0,80.0,58.0
2020-05-30,11.0,0.0,75.0,59.0
2020-05-31,6.0,0.0,72.0,55.0
2020-06-01,6.9,0.0,79.0,60.0
2020-06-02,6.7,0.0,92.0,60.0
2020-06-03,6.9,0.0,97.0,64.0
2020-06-04,7.2,0.0,92.0,61.0
2020-06-05,12.5,0.0,73.0,57.0
2020-06-06,10.3,0.0,74.0,56.0
2020-06-07,14.3,0.0,70.0,54.0
2020-06-08,9.2,0.0,80.0,52.0
2020-06-09,7.4,0.0,90.0,54.0
2020-06-10,7.4,0.0,88.0,59.0
2020-06-11,8.1,0.0,86.0,58.0
2020-06-12,10.7,0.0,72.0,57.0
2020-06-13,9.6,0.0,73.0,55.0
2020-06-14,8.1,0.0,78.0,59.0
2020-06-15,8.9,0.0,78.0,59.0
2020-06-16,10.1,0.0,75.0,57.0
2020-06-17,7.4,0.0,87.0,55.0
2020-06-18,6.9,0.0,93.0,59.0
2020-06-19,8.1,0.0,84.0,58.0
2020-06-20,7.6,0.0,80.0,56.0
2020-06-21,8.1,0.0,82.0,58.0
2020-06-22,7.8,0.0,87.0,57.0
2020-06-23,8.5,0.0,86.0,58.0
2020-06-24,7.4,0.0,85.0,59.0
2020-06-25,8.7,0.0,84.0,58.0
2020-06-26,8.3,0.0,83.0,59.0
2020-06-27,7.4,0.0,86.0,60.0
2020-06-28,11.2,0.0,79.0,57.0
2020-06-29,9.6,0.0,83.0,55.0
2020-06-30,8.5,0.0,89.0,58.0
2020-07-01,10.3,0.0,83.0,55.0
2020-07-02,11.9,0.0,77.0,55.0
2020-07-03,8.5,0.0,78.0,55.0
2020-07-04,6.5,0.0,87.0,56.0
2020-07-05,6.9,0.0,86.0,59.0
2020-07-06,8.1,0.0,79.0,55.0
2020-07-07,7.2,0.0,82.0,54.0
2020-07-08,6.7,0.0,84.0,57.0
2020-07-09,6.9,0.0,87.0,56.0
2020-07-10,6.3,0.0,86.0,59.0
2020-07-11,6.0,0.0,91.0,59.0
2020-07-12,6.7,0.0,90.0,60.0
2020-07-13,8.1,0.0,79.0,58.0
2020-07-14,11.9,0.0,83.0,57.0
2020-07-15,8.9,0.0,81.0,58.0
2020-07-16,7.8,0.0,77.0,58.0
2020-07-17,6.9,0.0,82.0,58.0
2020-07-18,8.1,0.0,81.0,58.0
2020-07-19,6.9,0.0,78.0,60.0
2020-07-20,6.9,0.0,77.0,60.0
2020-07-21,6.9,0.0,79.0,59.0
2020-07-22,9.2,0.0,83.0,58.0
2020-07-23,8.3,0.0,81.0,59.0
2020-07-24,8.3,0.0,78.0,57.0
2020-07-25,8.3,0.0,83.0,57.0
2020-07-26,7.6,0.0,80.0,58.0
2020-07-27,6.7,0.0,80.0,59.0
2020-07-28,6.3,0.0,79.0,60.0
2020-07-29,7.2,0.0,78.0,60.0
2020-07-30,6.9,0.0,78.0,60.0
2020-07-31,7.2,0.0,78.0,60.0
2020-08-01,6.5,0.0,80.0,56.0
2020-08-02,6.0,0.0,81.0,59.0
2020-08-03,6.7,0.0,88.0,61.0
2020-08-04,8.5,0.0,81.0,59.0
2020-08-05,6.9,0.0,73.0,61.0
2020-08-06,9.2,0.0,82.0,62.0
2020-08-07,8.1,0.0,85.0,59.0
2020-08-08,7.2,0.0,85.0,59.0
2020-08-09,5.8,0.0,88.0,60.0
2020-08-10,6.3,0.0,82.0,60.0
2020-08-11,6.9,0.0,79.0,58.0
2020-08-12,5.1,0.0,83.0,62.0
2020-08-13,5.1,0.0,95.0,61.0
2020-08-14,5.8,0.0,103.0,73.0
2020-08-15,6.9,0.0,98.0,72.0
2020-08-16,8.1,0.01,100.0,73.0
2020-08-17,5.8,0.0,96.0,71.0
2020-08-18,5.6,0.0,97.0,70.0
2020-08-19,7.4,0.0,91.0,68.0
2020-08-20,9.2,0.0,85.0,60.0
2020-08-21,6.5,0.0,89.0,61.0
2020-08-22,5.4,0.0,90.0,64.0
2020-08-23,5.8,0.0,86.0,65.0
2020-08-24,6.3,0.0,86.0,66.0
2020-08-25,7.4,0.0,79.0,63.0
2020-08-26,7.2,0.0,75.0,58.0
2020-08-27,5.4,0.0,78.0,59.0
2020-08-28,5.4,0.0,78.0,56.0
2020-08-29,5.8,0.0,78.0,55.0
2020-08-30,5.8,0.0,78.0,55.0
2020-08-31,5.1,0.0,78.0,59.0
2020-09-01,6.0,0.0,75.0,57.0
2020-09-02,7.2,0.0,76.0,60.0
2020-09-03,8.1,0.0,73.0,60.0
2020-09-04,6.0,0.0,82.0,59.0
2020-09-05,2.9,0.0,98.0,61.0
2020-09-06,4.7,0.0,105.0,68.0
2020-09-07,5.8,0.0,104.0,70.0
2020-09-08,6.0,0.0,84.0,64.0
2020-09-09,3.8,0.0,66.0,60.0
2020-09-10,2.5,0.0,69.0,59.0
2020-09-11,2.2,0.0,77.0,57.0
2020-09-12,3.1,0.0,83.0,58.0
2020-09-13,5.4,0.0,73.0,59.0
2020-09-14,5.1,0.0,75.0,60.0
2020-09-15,4.9,0.0,79.0,60.0
2020-09-16,5.1,0.0,81.0,63.0
2020-09-17,6.7,0.0,82.0,65.0
2020-09-18,8.7,0.0,79.0,64.0
2020-09-19,6.3,0.0,81.0,60.0
2020-09-20,4.7,0.0,91.0,58.0
2020-09-21,4.9,0.0,83.0,60.0
2020-09-22,5.4,0.0,81.0,57.0
2020-09-23,6.7,0.0,82.0,57.0
2020-09-24,8.5,0.0,82.0,63.0
2020-09-25,6.5,0.0,79.0,56.0
2020-09-26,5.8,0.0,84.0,58.0
2020-09-27,5.6,0.0,94.0,61.0
2020-09-28,3.6,0.0,101.0,64.0
2020-09-29,5.6,0.0,84.0,63.0
2020-09-30,3.8,0.0,87.0,62.0
2020-10-01,2.9,0.0,95.0,65.0
2020-10-02,3.6,0.0,94.0,64.0
2020-10-03,3.4,0.0,93.0,61.0
2020-10-04,4.5,0.0,84.0,58.0
2020-10-05,3.4,0.0,86.0,57.0
2020-10-06,3.8,0.0,81.0,57.0
2020-10-07,5.4,0.0,69.0,57.0
2020-10-08,5.6,0.0,72.0,59.0
2020-10-09,4.0,0.0,74.0,61.0
2020-10-10,8.1,0.0,77.0,57.0
2020-10-11,6.5,0.0,80.0,57.0
2020-10-12,4.0,0.0,85.0,54.0
2020-10-13,4.9,0.0,87.0,54.0
2020-10-14,4.9,0.0,90.0,59.0
2020-10-15,5.6,0.0,94.0,62.0
2020-10-16,3.4,0.0,95.0,60.0
2020-10-17,3.1,0.0,95.0,58.0
2020-10-18,4.3,0.0,88.0,59.0
2020-10-19,3.8,0.0,85.0,56.0
2020-10-20,2.9,0.0,86.0,55.0
2020-10-21,3.6,0.0,87.0,54.0
2020-10-22,6.3,0.0,80.0,55.0
2020-10-23,5.6,0.0,74.0,55.0
2020-10-24,4.9,0.0,72.0,52.0
2020-10-25,7.4,0.0,71.0,55.0
2020-10-26,6.5,0.0,76.0,50.0
2020-10-27,5.4,0.0,79.0,48.0
2020-10-28,2.9,0.0,78.0,50.0
2020-10-29,3.4,0.0,78.0,47.0
2020-10-30,3.8,0.0,73.0,47.0
2020-10-31,2.0,0.0,77.0,47.0
2020-11-01,2.0,0.0,79.0,47.0
2020-11-02,2.9,0.0,80.0,49.0
2020-11-03,3.6,0.0,79.0,50.0
2020-11-04,3.4,0.0,75.0,47.0
2020-11-05,3.4,0.0,79.0,53.0
2020-11-06,11.2,0.0,63.0,50.0
2020-11-07,5.8,0.02,63.0,48.0
2020-11-08,12.8,0.01,59.0,41.0
2020-11-09,4.9,0.0,60.0,35.0
2020-11-10,3.6,0.0,64.0,36.0
2020-11-11,4.0,0.0,61.0,47.0
2020-11-12,3.4,0.0,64.0,43.0
2020-11-13,6.7,0.02,66.0,40.0
2020-11-14,3.1,0.0,59.0,43.0
2020-11-15,3.1,0.0,68.0,38.0
2020-11-16,1.8,0.0,74.0,43.0
2020-11-17,12.1,0.02,67.0,53.0
2020-11-18,6.3,0.05,66.0,49.0
2020-11-19,4.9,0.0,63.0,45.0
2020-11-20,2.9,0.0,67.0,43.0
2020-11-21,2.9,0.0,64.0,38.0
2020-11-22,4.7,0.0,62.0,36.0
2020-11-23,3.4,0.01,61.0,44.0
2020-11-24,4.5,0.0,68.0,40.0
2020-11-25,4.9,0.0,62.0,43.0
2020-11-26,4.3,0.0,65.0,38.0
2020-11-27,3.1,0.0,65.0,35.0
2020-11-28,3.1,0.0,64.0,33.0
2020-11-29,2.9,0.0,65.0,34.0
2020-11-30,2.7,0.0,63.0,34.0
2020-12-01,1.8,0.0,64.0,41.0
2020-12-02,2.5,0.0,66.0,38.0
2020-12-03,3.4,0.0,65.0,40.0
2020-12-04,1.6,0.0,69.0,38.0
2020-12-05,3.6,0.0,65.0,38.0
2020-12-06,3.1,0.0,60.0,40.0
2020-12-07,6.0,0.0,74.0,38.0
2020-12-08,2.0,0.0,74.0,40.0
2020-12-09,2.5,0.0,65.0,39.0
2020-12-10,4.5,0.0,67.0,41.0
2020-12-11,5.8,0.22,58.0,39.0
2020-12-12,4.5,0.02,59.0,47.0
2020-12-13,7.8,0.33,60.0,48.0
2020-12-14,4.9,0.0,57.0,42.0
2020-12-15,2.2,0.0,59.0,41.0
2020-12-16,2.7,0.0,63.0,38.0
2020-12-17,8.7,0.17,57.0,45.0
2020-12-18,4.5,0.0,62.0,37.0
2020-12-19,3.1,0.0,60.0,36.0
2020-12-20,1.8,0.0,62.0,35.0
2020-12-21,2.7,0.0,60.0,34.0
2020-12-22,7.6,0.0,61.0,42.0
2020-12-23,2.7,0.0,60.0,38.0
2020-12-24,1.8,0.0,59.0,37.0
2020-12-25,9.2,0.0,64.0,45.0
2020-12-26,4.5,0.04,60.0,46.0
2020-12-27,4.5,0.0,62.0,43.0
2020-12-28,4.7,0.01,57.0,43.0
2020-12-29,2.7,0.0,62.0,38.0
2020-12-30,4.5,0.0,58.0,33.0
2020-12-31,6.9,0.05,59.0,43.0
2021-01-01,2.9,0.0,63.0,39.0
2021-01-02,5.6,0.0,58.0,47.0
2021-01-03,2.2,0.0,57.0,50.0
2021-01-04,8.7,0.01,61.0,45.0
2021-01-05,2.9,0.0,57.0,41.0
2021-01-06,3.4,0.0,62.0,36.0
2021-01-07,2.2,0.0,60.0,40.0
2021-01-08,5.4,0.0,61.0,46.0
2021-01-09,3.4,0.0,62.0,39.0
2021-01-10,3.1,0.0,63.0,37.0
2021-01-11,4.5,0.0,63.0,40.0
2021-01-12,2.9,0.0,63.0,45.0
2021-01-13,3.4,0.0,70.0,44.0
2021-01-14,4.0,0.0,71.0,45.0
2021-01-15,3.6,0.0,69.0,42.0
2021-01-16,2.7,0.0,71.0,45.0
2021-01-17,2.5,0.0,78.0,44.0
2021-01-18,10.5,0.0,78.0,51.0
2021-01-19,12.3,0.0,68.0,49.0
2021-01-20,3.4,0.0,69.0,40.0
2021-01-21,4.0,0.0,65.0,38.0
2021-01-22,5.1,0.22,52.0,45.0
2021-01-23,5.4,0.0,56.0,40.0
2021-01-24,6.5,0.15,52.0,37.0
2021-01-25,15.0,0.0,53.0,44.0
2021-01-26,13.6,0.13,52.0,32.0
2021-01-27,18.3,0.73,52.0,46.0
2021-01-28,9.4,1.31,51.0,46.0
2021-01-29,4.5,0.28,56.0,41.0
2021-01-30,4.3,0.0,62.0,41.0
2021-01-31,4.7,0.0,66.0,47.0
2021-02-01,8.9,0.0,64.0,46.0
2021-02-02,7.6,0.05,61.0,46.0
2021-02-03,5.4,0.0,59.0,41.0
2021-02-04,5.6,0.0,61.0,44.0
2021-02-05,4.3,0.0,70.0,39.0
2021-02-06,3.1,0.0,71.0,40.0
2021-02-07,3.6,0.0,68.0,39.0
2021-02-08,3.6,0.0,61.0,39.0
2021-02-09,3.1,0.0,63.0,49.0
2021-02-10,4.9,0.0,63.0,44.0
2021-02-11,4.5,0.17,61.0,43.0
2021-02-12,9.6,0.0,61.0,48.0
2021-02-13,9.8,0.02,61.0,48.0
2021-02-14,4.9,0.0,57.0,41.0
2021-02-15,9.2,0.01,62.0,50.0
2021-02-16,7.4,0.0,57.0,42.0
2021-02-17,5.8,0.0,64.0,39.0
2021-02-18,4.9,0.0,68.0,37.0
2021-02-19,8.5,0.0,66.0,49.0
2021-02-20,10.1,0.07,60.0,46.0
2021-02-21,4.5,0.0,64.0,39.0
2021-02-22,3.6,0.0,72.0,43.0
2021-02-23,4.9,0.0,79.0,45.0
2021-02-24,6.3,0.0,72.0,43.0
2021-02-25,8.5,0.0,68.0,46.0
2021-02-26,6.7,0.0,63.0,40.0
2021-02-27,8.9,0.0,63.0,42.0
2021-02-28,5.8,0.0,68.0,40.0
2021-03-01,6.7,0.0,70.0,43.0
2021-03-02,4.9,0.0,67.0,40.0
2021-03-03,5.1,0.0,70.0,46.0
2021-03-04,7.4,0.0,67.0,42.0
2021-03-05,8.1,0.18,67.0,42.0
2021-03-06,8.1,0.03,59.0,46.0
2021-03-07,6.9,0.0,62.0,38.0
2021-03-08,6.0,0.0,61.0,42.0
2021-03-09,10.1,0.19,61.0,43.0
2021-03-10,6.5,0.53,53.0,42.0
2021-03-11,6.3,0.02,57.0,43.0
2021-03-12,6.0,0.0,66.0,38.0
2021-03-13,6.0,0.0,59.0,42.0
2021-03-14,8.9,0.07,59.0,46.0
2021-03-15,11.9,0.0,54.0,42.0
2021-03-16,6.7,0.0,60.0,37.0
2021-03-17,4.5,0.0,60.0,38.0
2021-03-18,8.1,0.13,61.0,50.0
2021-03-19,5.1,0.0,60.0,45.0
2021-03-20,7.8,0.0,60.0,38.0
2021-03-21,6.5,0.0,66.0,40.0
2021-03-22,8.7,0.0,63.0,39.0
2021-03-23,14.8,0.0,67.0,45.0
2021-03-24,6.5,0.0,70.0,45.0
2021-03-25,6.3,0.0,63.0,46.0
2021-03-26,6.7,0.0,71.0,42.0
2021-03-27,5.4,0.0,76.0,44.0
2021-03-28,6.7,0.0,77.0,46.0
2021-03-29,6.5,0.0,65.0,45.0
2021-03-30,6.7,0.0,77.0,47.0
2021-03-31,4.5,0.0,83.0,46.0
2021-04-01,5.6,0.0,85.0,49.0
2021-04-02,6.7,0.0,71.0,48.0
2021-04-03,7.8,0.0,64.0,50.0
2021-04-04,9.2,0.0,63.0,49.0
2021-04-05,8.1,0.0,63.0,48.0
2021-04-06,6.7,0.0,67.0,50.0
2021-04-07,9.2,0.0,62.0,46.0
2021-04-08,5.6,0.0,68.0,44.0
2021-04-09,7.2,0.0,63.0,46.0
2021-04-10,5.6,0.0,69.0,43.0
2021-04-11,5.4,0.0,73.0,43.0
2021-04-12,4.7,0.0,74.0,44.0
2021-04-13,8.3,0.0,65.0,49.0
2021-04-14,8.1,0.0,71.0,46.0
2021-04-15,8.3,0.0,68.0,44.0
2021-04-16,7.4,0.0,67.0,48.0
2021-04-17,7.4,0.0,70.0,49.0
2021-04-18,5.8,0.0,83.0,47.0
2021-04-19,6.3,0.0,68.0,49.0
2021-04-20,8.1,0.0,65.0,47.0
2021-04-21,8.9,0.0,69.0,48.0
2021-04-22,11.4,0.0,68.0,50.0
2021-04-23,8.5,0.0,71.0,50.0
2021-04-24,7.6,0.0,68.0,50.0
2021-04-25,5.8,0.05,60.0,46.0
2021-04-26,8.1,0.0,63.0,41.0
2021-04-27,6.9,0.0,72.0,41.0
2021-04-28,6.9,0.0,83.0,47.0
2021-04-29,6.9,0.0,75.0,52.0
2021-04-30,6.9,0.0,69.0,51.0
2021-05-01,7.8,0.0,72.0,51.0
2021-05-02,8.5,0.0,73.0,49.0
2021-05-03,6.9,0.0,83.0,51.0
2021-05-04,6.7,0.0,83.0,56.0
2021-05-05,6.5,0.0,83.0,53.0
2021-05-06,8.7,0.0,72.0,51.0
2021-05-07,7.4,0.0,72.0,49.0
2021-05-08,8.1,0.0,84.0,50.0
2021-05-09,8.1,0.0,81.0,53.0
2021-05-10,7.4,0.0,85.0,53.0
2021-05-11,6.5,0.0,83.0,53.0
2021-05-12,7.2,0.0,74.0,53.0
2021-05-13,6.9,0.0,72.0,52.0
2021-05-14,7.6,0.0,69.0,52.0
2021-05-15,7.2,0.0,69.0,52.0
2021-05-16,8.7,0.0,71.0,53.0
2021-05-17,8.3,0.0,69.0,53.0
2021-05-18,8.3,0.0,73.0,50.0
2021-05-19,10.3,0.0,67.0,50.0
2021-05-20,11.2,0.0,67.0,48.0
2021-05-21,8.5,0.0,70.0,48.0
2021-05-22,10.5,0.0,74.0,49.0
2021-05-23,8.3,0.0,69.0,49.0
2021-05-24,7.8,0.0,75.0,51.0
2021-05-25,7.2,0.0,70.0,53.0
2021-05-26,6.7,0.0,75.0,51.0
2021-05-27,6.7,0.0,72.0,50.0
2021-05-28,8.1,0.0,72.0,53.0
2021-05-29,8.5,0.0,66.0,54.0
2021-05-30,6.5,0.0,84.0,54.0
2021-05-31,5.8,0.0,85.0,56.0
2021-06-01,7.2,0.0,79.0,56.0
2021-06-02,6.5,0.0,74.0,56.0
2021-06-03,4.9,0.0,81.0,53.0
2021-06-04,6.7,0.0,75.0,56.0
2021-06-05,7.2,0.0,81.0,52.0
2021-06-06,11.2,0.0,78.0,53.0
2021-06-07,9.6,0.0,70.0,52.0
2021-06-08,9.4,0.0,68.0,51.0
2021-06-09,9.6,0.0,68.0,50.0
2021-06-10,9.6,0.0,71.0,49.0
2021-06-11,8.1,0.0,74.0,50.0
2021-06-12,9.4,0.0,80.0,60.0
2021-06-13,9.4,0.0,78.0,62.0
2021-06-14,9.4,0.0,75.0,60.0
2021-06-15,9.4,0.0,78.0,55.0
2021-06-16,5.4,0.0,89.0,57.0
2021-06-17,5.6,0.0,95.0,62.0
2021-06-18,6.5,0.0,93.0,62.0
2021-06-19,7.4,0.0,84.0,60.0
2021-06-20,6.5,0.0,79.0,56.0
2021-06-21,8.1,0.0,78.0,57.0
2021-06-22,8.3,0.0,78.0,60.0
2021-06-23,9.4,0.0,78.0,61.0
2021-06-24,8.3,0.0,77.0,59.0
2021-06-25,7.2,0.0,75.0,59.0
2021-06-26,7.8,0.0,77.0,59.0
2021-06-27,7.6,0.0,75.0,59.0
2021-06-28,8.7,0.0,76.0,59.0
2021-06-29,7.6,0.0,77.0,58.0
2021-06-30,7.6,0.0,75.0,59.0
2021-07-01,8.7,0.0,79.0,59.0
2021-07-02,7.6,0.0,79.0,60.0
2021-07-03,7.6,0.0,77.0,59.0
2021-07-04,9.4,0.0,77.0,58.0
2021-07-05,8.1,0.0,76.0,58.0
2021-07-06,8.7,0.0,74.0,58.0
2021-07-07,8.3,0.0,71.0,56.0
2021-07-08,4.3,0.0,86.0,56.0
2021-07-09,6.9,0.0,86.0,62.0
2021-07-10,6.9,0.0,84.0,59.0
2021-07-11,8.3,0.0,75.0,57.0
2021-07-12,7.2,0.0,72.0,57.0
2021-07-13,7.6,0.0,75.0,57.0
2021-07-14,8.7,0.0,80.0,56.0
2021-07-15,7.6,0.0,73.0,56.0
2021-07-16,7.2,0.0,78.0,53.0
2021-07-17,7.4,0.0,82.0,54.0
2021-07-18,6.3,0.0,84.0,58.0
2021-07-19,7.2,0.0,83.0,58.0
2021-07-20,5.6,0.0,76.0,57.0
2021-07-21,6.5,0.0,78.0,57.0
2021-07-22,6.3,0.0,76.0,56.0
2021-07-23,8.1,0.0,83.0,55.0
2021-07-24,6.3,0.0,81.0,55.0
2021-07-25,5.8,0.0,83.0,56.0
2021-07-26,5.6,0.0,82.0,59.0
2021-07-27,6.7,0.0,84.0,62.0
2021-07-28,7.2,0.0,84.0,61.0
2021-07-29,6.3,0.0,82.0,61.0
2021-07-30,6.5,0.0,83.0,61.0
2021-07-31,8.5,0.0,81.0,61.0
2021-08-01,7.4,0.0,78.0,59.0
2021-08-02,6.7,0.0,79.0,56.0
2021-08-03,6.9,0.0,81.0,57.0
2021-08-04,7.4,0.0,76.0,58.0
2021-08-05,8.3,0.0,77.0,59.0
2021-08-06,5.8,0.0,85.0,59.0
2021-08-07,6.3,0.0,83.0,60.0
2021-08-08,7.4,0.0,82.0,58.0
2021-08-09,8.1,0.0,82.0,57.0
2021-08-10,6.3,0.0,86.0,58.0
2021-08-11,6.5,0.0,83.0,62.0
2021-08-12,7.2,0.0,83.0,62.0
2021-08-13,6.9,0.0,80.0,60.0
2021-08-14,6.5,0.0,81.0,62.0
2021-08-15,6.3,0.0,81.0,61.0
2021-08-16,6.7,0.0,83.0,61.0
2021-08-17,8.3,0.0,82.0,60.0
2021-08-18,8.5,0.0,78.0,59.0
2021-08-19,6.0,0.0,78.0,58.0
2021-08-20,6.3,0.0,76.0,59.0
2021-08-21,9.8,0.0,77.0,60.0
2021-08-22,7.8,0.0,79.0,59.0
2021-08-23,7.8,0.0,81.0,55.0
2021-08-24,7.2,0.0,79.0,57.0
2021-08-25,6.7,0.0,76.0,56.0
2021-08-26,4.0,0.0,84.0,56.0
2021-08-27,4.3,0.0,92.0,59.0
2021-08-28,4.9,0.0,96.0,64.0
2021-08-29,6.3,0.0,88.0,63.0
2021-08-30,4.9,0.0,84.0,61.0
2021-08-31,8.9,0.0,83.0,58.0
2021-09-01,9.6,0.0,81.0,57.0
2021-09-02,8.1,0.0,76.0,56.0
2021-09-03,6.0,0.0,78.0,58.0
2021-09-04,4.5,0.0,84.0,56.0
2021-09-05,4.7,0.0,88.0,56.0
2021-09-06,4.5,0.0,93.0,60.0
2021-09-07,6.5,0.0,88.0,62.0
2021-09-08,5.6,0.0,91.0,64.0
2021-09-09,6.5,0.0,81.0,63.0
2021-09-10,6.5,0.0,79.0,61.0
2021-09-11,4.9,0.0,82.0,58.0
2021-09-12,4.5,0.0,88.0,57.0
2021-09-13,4.7,0.0,84.0,59.0
2021-09-14,5.4,0.0,84.0,57.0
2021-09-15,5.8,0.0,80.0,56.0
2021-09-16,6.9,0.0,78.0,54.0
2021-09-17,8.1,0.0,77.0,57.0
2021-09-18,7.6,0.0,77.0,55.0
2021-09-19,9.2,0.0,77.0,59.0
2021-09-20,4.0,0.0,89.0,55.0
2021-09-21,4.7,0.0,92.0,61.0
2021-09-22,6.3,0.0,86.0,62.0
2021-09-23,3.8,0.0,89.0,57.0
2021-09-24,5.1,0.0,85.0,60.0
2021-09-25,6.3,0.0,74.0,57.0
2021-09-26,6.3,0.0,72.0,58.0
2021-09-27,7.6,0.0,76.0,58.0
2021-09-28,11.9,0.0,77.0,56.0
2021-09-29,5.8,0.0,79.0,51.0
2021-09-30,3.8,0.0,87.0,53.0
2021-10-01,4.9,0.0,89.0,55.0
2021-10-02,3.4,0.0,89.0,57.0
2021-10-03,3.6,0.0,91.0,57.0
2021-10-04,4.0,0.0,89.0,59.0
2021-10-05,6.7,0.0,77.0,56.0
2021-10-06,5.4,0.0,70.0,57.0
2021-10-07,6.3,0.0,70.0,52.0
2021-10-08,7.8,0.0,68.0,53.0
2021-10-09,6.9,0.0,74.0,51.0
2021-10-10,6.5,0.0,78.0,50.0
2021-10-11,16.3,0.0,70.0,52.0
2021-10-12,11.2,0.0,71.0,49.0
2021-10-13,5.8,0.0,68.0,43.0
2021-10-14,4.3,0.0,76.0,49.0
2021-10-15,2.9,0.0,84.0,48.0
2021-10-16,3.8,0.0,87.0,51.0
2021-10-17,8.9,0.0,77.0,51.0
2021-10-18,5.4,0.0,65.0,48.0
2021-10-19,6.9,0.0,72.0,46.0
2021-10-20,8.5,0.0,67.0,60.0
2021-10-21,8.7,0.0,77.0,62.0
2021-10-22,6.5,0.2,67.0,57.0
2021-10-23,6.3,0.01,69.0,52.0
2021-10-24,13.6,1.42,65.0,58.0
2021-10-25,7.6,0.53,67.0,49.0
2021-10-26,3.4,0.0,67.0,49.0
2021-10-27,5.1,0.0,73.0,52.0
2021-10-28,3.1,0.0,79.0,55.0
2021-10-29,4.9,0.0,79.0,54.0
2021-10-30,5.6,0.0,71.0,54.0
2021-10-31,5.6,0.0,68.0,50.0
2021-11-01,6.9,0.06,66.0,58.0
2021-11-02,4.0,0.0,72.0,57.0
2021-11-03,2.7,0.0,77.0,52.0
2021-11-04,5.8,0.04,69.0,53.0
2021-11-05,4.5,0.0,68.0,50.0
2021-11-06,5.6,0.0,66.0,50.0
2021-11-07,6.0,0.0,63.0,46.0
2021-11-08,7.6,0.0,69.0,43.0
2021-11-09,10.7,0.02,69.0,53.0
2021-11-10,5.4,0.0,69.0,55.0
2021-11-11,2.9,0.0,73.0,49.0
2021-11-12,3.1,0.0,75.0,49.0
2021-11-13,2.9,0.0,75.0,48.0
2021-11-14,2.5,0.0,72.0,47.0
2021-11-15,2.2,0.0,64.0,47.0
2021-11-16,4.3,0.0,64.0,51.0
2021-11-17,3.4,0.0,68.0,44.0
2021-11-18,3.8,0.01,64.0,46.0
2021-11-19,6.3,0.0,69.0,54.0
2021-11-20,5.6,0.0,69.0,49.0
2021-11-21,2.2,0.0,70.0,42.0
2021-11-22,2.9,0.0,74.0,43.0
2021-11-23,4.9,0.0,66.0,41.0
2021-11-24,6.7,0.0,69.0,43.0
2021-11-25,2.9,0.0,69.0,38.0
2021-11-26,3.1,0.0,67.0,42.0
2021-11-27,2.0,0.0,71.0,43.0
2021-11-28,2.2,0.0,71.0,46.0
2021-11-29,2.7,0.0,72.0,45.0
2021-11-30,2.7,0.0,73.0,44.0
2021-12-01,2.2,0.0,75.0,44.0
2021-12-02,2.0,0.0,70.0,44.0
2021-12-03,3.8,0.0,58.0,51.0
2021-12-04,3.6,0.0,61.0,51.0
2021-12-05,4.0,0.0,61.0,50.0
2021-12-06,2.7,0.01,53.0,50.0
2021-12-07,2.2,0.02,58.0,46.0
2021-12-08,4.7,0.0,58.0,45.0
2021-12-09,5.4,0.1,59.0,43.0
2021-12-10,3.8,0.0,57.0,39.0
2021-12-11,4.3,0.0,62.0,33.0
2021-12-12,12.3,0.0,57.0,45.0
2021-12-13,15.4,2.23,55.0,45.0
2021-12-14,7.4,0.11,52.0,39.0
2021-12-15,12.5,0.0,55.0,38.0
2021-12-16,6.9,0.09,58.0,42.0
2021-12-17,3.6,0.0,56.0,37.0
2021-12-18,1.8,0.0,54.0,33.0
2021-12-19,3.1,0.0,57.0,32.0
2021-12-20,4.9,0.0,57.0,38.0
2021-12-21,2.9,0.1,60.0,37.0
2021-12-22,5.8,0.06,63.0,48.0
2021-12-23,8.1,0.27,61.0,51.0
2021-12-24,7.6,0.53,56.0,49.0
2021-12-25,9.4,0.3,54.0,44.0
2021-12-26,6.9,0.0,52.0,38.0
2021-12-27,6.9,0.26,53.0,43.0
2021-12-28,6.3,0.0,50.0,42.0
2021-12-29,8.5,0.27,55.0,46.0
2021-12-30,4.3,0.0,55.0,41.0
2021-12-31,6.5,0.0,53.0,37.0
2022-01-01,2.2,0.0,56.0,33.0
2022-01-02,3.1,0.0,60.0,32.0
2022-01-03,9.2,0.0,56.0,44.0
2022-01-04,4.7,0.0,63.0,48.0
2022-01-05,4.0,0.0,64.0,50.0
2022-01-06,3.8,0.0,60.0,52.0
2022-01-07,5.8,0.0,59.0,49.0
2022-01-08,3.4,0.0,59.0,43.0
2022-01-09,2.2,0.0,63.0,38.0
2022-01-10,2.7,0.0,66.0,42.0
2022-01-11,2.0,0.0,66.0,41.0
2022-01-12,2.2,0.0,66.0,40.0
2022-01-13,2.9,0.0,63.0,45.0
2022-01-14,3.8,0.0,66.0,43.0
2022-01-15,1.6,0.0,68.0,40.0
2022-01-16,2.2,0.0,65.0,48.0
2022-01-17,1.8,0.0,64.0,42.0
2022-01-18,2.9,0.0,59.0,42.0
2022-01-19,2.9,0.0,63.0,46.0
2022-01-20,1.6,0.0,67.0,41.0
2022-01-21,6.3,0.0,68.0,42.0
2022-01-22,6.7,0.0,68.0,45.0
2022-01-23,3.6,0.0,66.0,37.0
2022-01-24,4.0,0.0,65.0,35.0
2022-01-25,2.9,0.0,63.0,38.0
2022-01-26,2.7,0.0,62.0,42.0
2022-01-27,3.6,0.0,68.0,37.0
2022-01-28,2.0,0.0,68.0,38.0
2022-01-29,2.2,0.0,65.0,40.0
2022-01-30,4.7,0.0,63.0,34.0
2022-01-31,2.7,0.0,57.0,40.0
2022-02-01,7.4,0.0,62.0,36.0
2022-02-02,8.1,0.0,63.0,42.0
2022-02-03,4.7,0.0,65.0,36.0
2022-02-04,2.7,0.0,66.0,37.0
2022-02-05,2.5,0.0,65.0,37.0
2022-02-06,2.5,0.0,68.0,36.0
2022-02-07,2.0,0.0,69.0,38.0
2022-02-08,3.8,0.0,74.0,38.0
2022-02-09,2.9,0.0,77.0,41.0
2022-02-10,3.6,0.0,79.0,41.0
2022-02-11,3.8,0.0,79.0,45.0
2022-02-12,2.0,0.0,81.0,47.0
2022-02-13,2.9,0.0,79.0,45.0
2022-02-14,7.4,0.0,60.0,48.0
2022-02-15,11.9,0.0,61.0,43.0
2022-02-16,8.5,0.0,70.0,44.0
2022-02-17,5.4,0.0,69.0,46.0
2022-02-18,3.6,0.0,70.0,39.0
2022-02-19,3.8,0.0,72.0,41.0
2022-02-20,5.8,0.0,63.0,42.0
2022-02-21,7.6,0.0,58.0,37.0
2022-02-22,10.3,0.01,54.0,40.0
2022-02-23,5.8,0.0,56.0,35.0
2022-02-24,5.8,0.0,60.0,33.0
2022-02-25,4.3,0.0,63.0,34.0
2022-02-26,3.1,0.0,65.0,35.0
2022-02-27,4.0,0.0,71.0,40.0
2022-02-28,3.8,0.0,75.0,43.0
2022-03-01,4.5,0.0,73.0,44.0
2022-03-02,5.1,0.0,72.0,46.0
2022-03-03,3.6,0.0,59.0,47.0
2022-03-04,7.8,0.04,59.0,45.0
2022-03-05,7.6,0.0,58.0,42.0
2022-03-06,6.5,0.0,64.0,38.0
2022-03-07,6.0,0.0,69.0,38.0
2022-03-08,5.4,0.0,74.0,40.0
2022-03-09,7.6,0.0,68.0,41.0
2022-03-10,7.8,0.0,68.0,43.0
2022-03-11,4.9,0.0,74.0,39.0
2022-03-12,5.6,0.0,70.0,42.0
2022-03-13,7.8,0.0,67.0,49.0
2022-03-14,5.6,0.0,75.0,41.0
2022-03-15,7.8,0.0,70.0,51.0
2022-03-16,5.6,0.0,70.0,47.0
2022-03-17,4.7,0.0,67.0,48.0
2022-03-18,4.5,0.0,72.0,43.0
2022-03-19,6.7,0.06,58.0,50.0
2022-03-20,9.6,0.0,68.0,44.0
2022-03-21,5.8,0.0,73.0,45.0
2022-03-22,7.2,0.0,84.0,49.0
2022-03-23,6.3,0.0,71.0,51.0
2022-03-24,6.0,0.0,71.0,47.0
2022-03-25,6.5,0.0,71.0,50.0
2022-03-26,6.7,0.0,72.0,46.0
2022-03-27,11.0,0.07,66.0,50.0
2022-03-28,8.7,0.18,64.0,50.0
2022-03-29,6.9,0.0,65.0,50.0
2022-03-30,5.6,0.0,64.0,50.0
2022-03-31,6.0,0.0,70.0,45.0
2022-04-01,5.8,0.0,76.0,46.0
2022-04-02,4.9,0.0,78.0,45.0
2022-04-03,6.9,0.0,74.0,49.0
2022-04-04,9.2,0.0,69.0,49.0
2022-04-05,9.2,0.0,73.0,49.0
2022-04-06,5.8,0.0,85.0,48.0
2022-04-07,5.4,0.0,94.0,52.0
2022-04-08,7.4,0.0,84.0,53.0
2022-04-09,8.3,0.0,74.0,49.0
2022-04-10,12.3,0.0,72.0,50.0
2022-04-11,13.6,0.0,60.0,47.0
2022-04-12,11.0,0.0,62.0,41.0
2022-04-13,6.0,0.0,62.0,41.0
2022-04-14,7.8,0.01,62.0,50.0
2022-04-15,8.1,0.0,72.0,50.0
2022-04-16,10.3,0.11,66.0,48.0
2022-04-17,6.7,0.0,64.0,40.0
2022-04-18,6.0,0.0,75.0,42.0
2022-04-19,9.2,0.02,68.0,52.0
2022-04-20,10.1,0.05,73.0,47.0
2022-04-21,8.9,0.09,66.0,53.0
2022-04-22,8.7,0.01,65.0,50.0
2022-04-23,6.3,0.0,74.0,45.0
2022-04-24,5.8,0.0,77.0,47.0
2022-04-25,7.6,0.0,75.0,49.0
2022-04-26,8.1,0.0,68.0,52.0
2022-04-27,8.5,0.0,68.0,45.0
2022-04-28,10.5,0.0,65.0,48.0
2022-04-29,6.9,0.0,74.0,45.0
2022-04-30,7.6,0.0,73.0,49.0
2022-05-01,8.7,0.0,74.0,46.0
2022-05-02,8.7,0.0,68.0,50.0
2022-05-03,9.6,0.0,79.0,47.0
2022-05-04,5.6,0.0,85.0,50.0
2022-05-05,8.3,0.0,74.0,51.0
2022-05-06,9.4,0.0,76.0,55.0
2022-05-07,14.1,0.0,69.0,51.0
2022-05-08,14.5,0.0,62.0,49.0
2022-05-09,8.7,0.0,63.0,43.0
2022-05-10,9.6,0.0,63.0,41.0
2022-05-11,7.6,0.0,70.0,44.0
2022-05-12,9.2,0.0,67.0,44.0
2022-05-13,9.6,0.0,77.0,49.0
2022-05-14,7.4,0.0,81.0,54.0
2022-05-15,9.6,0.0,73.0,55.0
2022-05-16,9.8,0.0,71.0,55.0
2022-05-17,7.2,0.0,76.0,50.0
2022-05-18,7.2,0.0,86.0,50.0
2022-05-19,10.1,0.0,79.0,56.0
2022-05-20,10.1,0.0,79.0,51.0
2022-05-21,7.6,0.0,84.0,52.0
2022-05-22,7.6,0.0,81.0,52.0
2022-05-23,7.4,0.0,83.0,53.0
2022-05-24,5.8,0.0,93.0,56.0
2022-05-25,6.7,0.0,93.0,61.0
2022-05-26,8.9,0.0,79.0,56.0
2022-05-27,9.6,0.0,74.0,56.0
2022-05-28,10.7,0.0,75.0,58.0
2022-05-29,11.4,0.0,75.0,54.0
2022-05-30,9.6,0.0,77.0,52.0
2022-06-01,6.9,0.0,85.0,53.0
2022-06-02,8.7,0.0,77.0,56.0
2022-06-03,9.6,0.0,75.0,57.0
2022-06-04,6.0,0.0,76.0,59.0
2022-06-05,10.5,0.01,81.0,62.0
2022-06-06,8.9,0.0,77.0,58.0
2022-06-07,7.6,0.0,78.0,55.0
2022-06-08,9.4,0.0,79.0,57.0
2022-06-09,6.7,0.0,91.0,55.0
2022-06-10,8.1,0.0,97.0,63.0
2022-06-11,8.1,0.0,91.0,64.0
2022-06-12,9.4,0.0,80.0,59.0
2022-06-13,10.5,0.0,76.0,55.0
2022-06-14,7.2,0.0,86.0,57.0
2022-06-15,8.1,0.0,82.0,58.0
2022-06-16,11.9,0.0,74.0,54.0
2022-06-17,10.1,0.0,72.0,55.0
2022-06-18,9.8,0.0,73.0,52.0
2022-06-19,8.5,0.0,85.0,52.0
2022-06-20,8.1,0.0,88.0,55.0
2022-06-21,6.3,0.0,102.0,60.0
2022-06-22,9.4,0.0,97.0,69.0
2022-06-23,7.6,0.0,90.0,64.0
2022-06-24,6.9,0.0,88.0,62.0
2022-06-25,6.9,0.0,83.0,58.0
2022-06-26,7.8,0.0,81.0,59.0
2022-06-27,6.7,0.0,82.0,59.0
2022-06-28,8.7,0.0,83.0,58.0
2022-06-29,8.9,0.0,74.0,56.0
2022-06-30,9.2,0.0,74.0,57.0
2022-07-01,8.3,0.0,74.0,57.0
2022-07-02,10.3,0.0,71.0,58.0
2022-07-03,9.6,0.0,71.0,57.0
2022-07-04,7.6,0.0,81.0,58.0
2022-07-05,9.8,0.0,81.0,64.0
2022-07-06,10.7,0.0,77.0,63.0
2022-07-07,9.6,0.0,78.0,61.0
2022-07-08,7.6,0.0,81.0,59.0
2022-07-09,8.3,0.0,79.0,58.0
2022-07-10,5.8,0.0,91.0,57.0
2022-07-11,7.6,0.0,86.0,63.0
2022-07-12,7.8,0.0,81.0,59.0
2022-07-13,8.3,0.0,80.0,60.0
2022-07-14,7.6,0.0,81.0,60.0
2022-07-15,7.8,0.0,78.0,55.0
2022-07-16,7.2,0.0,88.0,58.0
2022-07-17,7.2,0.0,83.0,59.0
2022-07-18,6.7,0.0,88.0,61.0
2022-07-19,8.1,0.0,79.0,58.0
2022-07-20,8.1,0.0,80.0,58.0
2022-07-21,7.6,0.0,81.0,57.0
2022-07-22,7.6,0.0,83.0,56.0
2022-07-23,6.9,0.0,79.0,56.0
2022-07-24,8.7,0.0,83.0,53.0
2022-07-25,7.6,0.0,78.0,56.0
2022-07-26,7.6,0.0,81.0,57.0
2022-07-27,7.6,0.0,78.0,59.0
2022-07-28,7.6,0.0,77.0,59.0
2022-07-29,8.3,0.0,78.0,62.0
2022-07-30,8.5,0.0,77.0,63.0
2022-07-31,6.7,0.0,77.0,63.0
2022-08-01,6.0,0.0,82.0,63.0
2022-08-02,8.1,0.0,89.0,64.0
2022-08-03,7.2,0.0,83.0,62.0
2022-08-04,7.4,0.0,86.0,63.0
2022-08-05,8.5,0.0,83.0,63.0
2022-08-06,8.5,0.0,79.0,64.0
2022-08-07,8.7,0.0,78.0,61.0
2022-08-08,10.3,0.0,80.0,60.0
2022-08-09,9.4,0.0,80.0,62.0
2022-08-10,8.1,0.0,82.0,59.0
2022-08-11,8.9,0.0,80.0,61.0
2022-08-12,7.8,0.0,79.0,58.0
2022-08-13,6.7,0.0,83.0,56.0
2022-08-14,6.0,0.0,88.0,55.0
2022-08-15,4.9,0.0,90.0,59.0
2022-08-16,4.9,0.0,97.0,61.0
2022-08-17,6.7,0.0,83.0,64.0
2022-08-18,7.2,0.0,84.0,61.0
2022-08-19,6.0,0.0,81.0,61.0
2022-08-20,5.8,0.0,89.0,60.0
2022-08-21,8.3,0.0,85.0,59.0
2022-08-22,7.4,0.0,87.0,61.0
2022-08-23,6.0,0.0,87.0,62.0
2022-08-24,6.7,0.0,84.0,59.0
2022-08-25,8.1,0.0,84.0,57.0
2022-08-26,6.7,0.0,83.0,61.0
2022-08-27,8.1,0.0,85.0,57.0
2022-08-28,9.2,0.0,83.0,58.0
2022-08-29,7.6,0.0,79.0,60.0
2022-08-30,6.7,0.0,80.0,60.0
2022-08-31,6.7,0.0,81.0,59.0
2022-09-01,4.5,0.0,90.0,60.0
2022-09-02,7.2,0.0,82.0,60.0
2022-09-03,6.3,0.0,87.0,62.0
2022-09-04,4.0,0.0,97.0,62.0
2022-09-05,4.9,0.0,104.0,68.0
2022-09-06,4.0,0.0,109.0,74.0
2022-09-07,6.3,0.0,97.0,70.0
2022-09-08,4.9,0.0,104.0,70.0
2022-09-09,6.0,0.0,93.0,66.0
2022-09-10,8.1,0.0,83.0,65.0
2022-09-11,6.9,0.0,84.0,66.0
2022-09-12,8.3,0.0,81.0,64.0
2022-09-13,7.8,0.0,76.0,62.0
2022-09-14,6.9,0.0,78.0,58.0
2022-09-15,8.1,0.0,74.0,58.0
2022-09-16,8.1,0.0,79.0,57.0
2022-09-17,7.8,0.0,75.0,54.0
2022-09-18,14.1,0.51,73.0,61.0
2022-09-19,7.4,0.0,76.0,59.0
2022-09-20,5.8,0.0,79.0,58.0
2022-09-21,7.2,0.0,75.0,62.0
2022-09-22,5.8,0.0,82.0,56.0
2022-09-23,4.9,0.0,87.0,57.0
2022-09-24,5.4,0.0,90.0,59.0
2022-09-25,6.0,0.0,79.0,59.0
2022-09-26,6.7,0.0,75.0,59.0
2022-09-27,6.9,0.0,73.0,58.0
2022-09-28,6.7,0.0,79.0,57.0
2022-09-29,4.7,0.0,83.0,57.0
2022-09-30,4.7,0.0,89.0,59.0
2022-10-01,6.7,0.0,74.0,56.0
2022-10-02,6.9,0.0,77.0,61.0
2022-10-03,6.5,0.0,75.0,57.0
2022-10-04,5.6,0.0,74.0,59.0
2022-10-05,2.9,0.0,82.0,54.0
2022-10-06,4.0,0.0,80.0,57.0
2022-10-07,3.8,0.0,82.0,59.0
2022-10-08,4.5,0.0,77.0,57.0
2022-10-09,4.7,0.0,73.0,58.0
2022-10-10,4.0,0.0,77.0,58.0
2022-10-11,4.9,0.0,75.0,57.0
2022-10-12,4.7,0.0,73.0,57.0
2022-10-13,5.8,0.0,71.0,58.0
2022-10-14,4.9,0.0,75.0,57.0
2022-10-15,6.7,0.0,71.0,56.0
2022-10-16,5.4,0.0,71.0,57.0
2022-10-17,4.3,0.0,75.0,52.0
2022-10-18,2.5,0.0,82.0,56.0
2022-10-19,2.9,0.0,90.0,57.0
2022-10-20,3.8,0.0,82.0,55.0
2022-10-21,5.8,0.0,72.0,55.0
2022-10-22,9.2,0.0,71.0,54.0
2022-10-23,7.2,0.0,71.0,47.0
2022-10-24,4.7,0.0,76.0,48.0
2022-10-25,5.8,0.0,70.0,50.0
2022-10-26,5.6,0.0,68.0,45.0
2022-10-27,3.1,0.0,74.0,46.0
2022-10-28,4.9,0.0,71.0,47.0
2022-10-29,4.9,0.0,72.0,45.0
2022-10-30,4.0,0.0,71.0,53.0
2022-10-31,3.6,0.0,69.0,51.0
2022-11-01,8.5,0.43,63.0,48.0
2022-11-02,6.9,0.01,60.0,46.0
2022-11-03,6.5,0.0,60.0,43.0
2022-11-04,4.7,0.0,65.0,43.0
2022-11-05,4.3,0.01,67.0,53.0
2022-11-06,6.0,0.01,63.0,52.0
2022-11-07,8.9,0.02,63.0,50.0
2022-11-08,7.4,1.23,56.0,48.0
2022-11-09,4.7,0.0,61.0,44.0
2022-11-10,4.5,0.0,61.0,41.0
2022-11-11,2.5,0.0,63.0,40.0
2022-11-12,7.2,0.0,61.0,42.0
2022-11-13,5.1,0.0,63.0,44.0
2022-11-14,2.9,0.0,64.0,39.0
2022-11-15,3.6,0.0,67.0,41.0
2022-11-16,3.6,0.0,70.0,40.0
2022-11-17,2.7,0.0,66.0,39.0
2022-11-18,3.8,0.0,68.0,43.0
2022-11-19,3.4,0.0,67.0,40.0
2022-11-20,2.2,0.0,69.0,37.0
2022-11-21,2.9,0.0,67.0,39.0
2022-11-22,2.7,0.0,66.0,38.0
2022-11-23,3.1,0.0,69.0,42.0
2022-11-24,1.8,0.0,73.0,42.0
2022-11-25,3.6,0.0,70.0,42.0
2022-11-26,3.4,0.0,65.0,41.0
2022-11-27,3.8,0.0,70.0,40.0
2022-11-28,6.7,0.0,62.0,42.0
2022-11-29,3.4,0.0,60.0,39.0
2022-11-30,3.8,0.0,61.0,36.0
2022-12-01,8.9,0.59,52.0,41.0
2022-12-02,1.6,0.0,56.0,35.0
2022-12-03,1.6,0.41,50.0,44.0
2022-12-04,6.9,0.0,59.0,48.0
2022-12-05,5.8,0.0,61.0,48.0
2022-12-06,5.8,0.13,57.0,43.0
2022-12-07,3.8,0.0,61.0,38.0
2022-12-08,7.8,0.0,58.0,39.0
2022-12-09,3.1,0.01,57.0,44.0
2022-12-10,12.1,0.44,59.0,52.0
2022-12-11,9.6,0.42,54.0,46.0
2022-12-12,6.9,0.13,54.0,42.0
2022-12-13,2.9,0.0,56.0,36.0
2022-12-14,2.2,0.0,56.0,36.0
2022-12-15,1.6,0.0,57.0,37.0
2022-12-16,2.5,0.0,59.0,35.0
2022-12-17,2.2,0.0,59.0,36.0
2022-12-18,2.9,0.0,58.0,34.0
2022-12-19,2.5,0.0,52.0,35.0
2022-12-20,2.9,0.0,58.0,44.0
2022-12-21,2.2,0.0,61.0,38.0
2022-12-22,2.2,0.0,61.0,45.0
2022-12-23,2.7,0.0,62.0,45.0
2022-12-24,2.0,0.0,64.0,42.0
2022-12-25,3.1,0.0,65.0,43.0
2022-12-26,6.0,0.06,60.0,48.0
2022-12-27,8.5,1.13,61.0,48.0
2022-12-28,3.8,0.0,59.0,41.0
2022-12-29,11.4,0.24,56.0,50.0
2022-12-30,11.2,0.0,64.0,60.0
2022-12-31,11.2,1.14,62.0,51.0
2023-01-01,9.2,0.04,60.0,46.0
2023-01-02,10.5,0.0,52.0,44.0
2023-01-03,5.1,0.0,59.0,48.0
2023-01-04,17.9,0.59,61.0,48.0
2023-01-05,9.2,0.75,59.0,48.0
2023-01-06,9.4,0.0,61.0,48.0
2023-01-07,18.3,0.08,63.0,51.0
2023-01-08,11.6,0.31,62.0,50.0
2023-01-09,9.4,0.91,60.0,50.0
2023-01-10,9.6,0.43,58.0,49.0
2023-01-11,18.1,0.0,58.0,51.0
2023-01-12,10.7,0.0,68.0,54.0
2023-01-13,10.1,0.23,60.0,54.0
2023-01-14,9.6,0.62,60.0,49.0
2023-01-15,7.6,0.67,53.0,46.0
2023-01-16,9.6,0.85,55.0,45.0
2023-01-17,2.9,0.0,57.0,38.0
2023-01-18,4.3,0.01,58.0,38.0
2023-01-19,5.4,0.03,54.0,41.0
2023-01-20,4.7,0.0,55.0,38.0
2023-01-21,3.1,0.0,57.0,33.0
2023-01-22,8.5,0.0,60.0,38.0
2023-01-23,9.2,0.0,61.0,44.0
2023-01-24,2.7,0.0,64.0,36.0
2023-01-25,5.8,0.0,68.0,39.0
2023-01-26,4.3,0.0,67.0,42.0
2023-01-27,3.8,0.0,63.0,39.0
2023-01-28,4.7,0.0,62.0,44.0
2023-01-29,8.5,0.0,54.0,44.0
2023-01-30,4.7,0.0,57.0,38.0
2023-01-31,4.0,0.0,60.0,34.0
2023-02-01,,0.0,61.0,33.0
2023-02-02,3.6,0.0,65.0,37.0
2023-02-03,4.5,0.14,58.0,48.0
2023-02-04,7.8,0.12,65.0,48.0
2023-02-05,7.4,0.19,57.0,47.0
2023-02-06,4.9,0.0,60.0,40.0
2023-02-07,3.6,0.0,61.0,38.0
2023-02-08,2.9,0.0,64.0,39.0
2023-02-09,2.9,0.0,68.0,41.0
2023-02-10,6.5,0.0,61.0,40.0
2023-02-11,6.7,0.06,55.0,43.0
2023-02-12,4.0,0.0,65.0,37.0
2023-02-13,8.3,0.0,62.0,40.0
2023-02-14,13.9,0.01,53.0,40.0
2023-02-15,8.3,0.0,57.0,38.0
2023-02-16,5.4,0.0,61.0,36.0
2023-02-17,2.0,0.0,63.0,36.0
2023-02-18,4.5,0.0,66.0,33.0
2023-02-19,4.3,0.0,67.0,37.0
2023-02-20,4.0,0.0,69.0,40.0
2023-02-21,14.8,0.0,59.0,44.0
2023-02-22,12.3,0.01,52.0,40.0
2023-02-23,11.2,0.07,51.0,36.0
2023-02-24,8.5,0.57,50.0,38.0
2023-02-25,3.8,0.0,54.0,38.0
2023-02-26,8.9,0.12,52.0,44.0
2023-02-27,5.8,0.4,50.0,38.0
2023-02-28,9.4,0.33,53.0,41.0
2023-03-01,12.5,0.01,54.0,39.0
2023-03-02,4.9,0.0,61.0,37.0
2023-03-03,5.8,0.0,58.0,39.0
2023-03-04,8.3,0.07,55.0,43.0
2023-03-05,6.5,0.14,54.0,39.0
2023-03-06,6.0,0.13,58.0,37.0
2023-03-07,5.1,0.05,57.0,40.0
2023-03-08,5.8,0.04,57.0,39.0
2023-03-09,13.2,0.47,57.0,39.0
2023-03-10,4.7,0.57,59.0,50.0
2023-03-11,6.9,0.0,67.0,50.0
2023-03-12,8.7,0.15,63.0,55.0
2023-03-13,8.9,0.0,68.0,54.0
2023-03-14,17.7,0.31,65.0,49.0
2023-03-15,5.8,0.0,61.0,42.0
2023-03-16,4.5,0.0,64.0,42.0
2023-03-17,4.3,0.0,68.0,42.0
2023-03-18,6.0,0.0,71.0,44.0
2023-03-19,13.0,0.05,62.0,53.0
2023-03-20,6.0,0.0,61.0,49.0
2023-03-21,12.5,0.83,56.0,47.0
2023-03-22,12.3,0.1,61.0,47.0
2023-03-23,10.3,0.0,59.0,47.0
2023-03-24,11.0,0.0,58.0,41.0
2023-03-25,11.0,0.0,58.0,39.0
2023-03-26,6.5,0.0,58.0,39.0
2023-03-27,5.1,0.0,67.0,36.0
2023-03-28,11.4,0.49,53.0,45.0
2023-03-29,8.5,0.61,54.0,45.0
2023-03-30,5.8,0.0,59.0,43.0
2023-03-31,5.8,0.0,63.0,39.0
2023-04-01,6.3,0.0,63.0,40.0
2023-04-02,9.2,0.02,59.0,47.0
2023-04-03,15.4,0.0,57.0,42.0
2023-04-04,6.7,0.0,58.0,40.0
2023-04-05,6.3,0.0,62.0,40.0
2023-04-06,5.8,0.0,69.0,42.0
2023-04-07,10.5,0.02,63.0,51.0
2023-04-08,6.3,0.0,68.0,52.0
2023-04-09,4.9,0.0,74.0,48.0
2023-04-10,6.7,0.0,79.0,52.0
2023-04-11,8.5,0.0,68.0,48.0
2023-04-12,8.7,0.0,61.0,45.0
2023-04-13,6.9,0.0,65.0,43.0
2023-04-14,6.9,0.0,64.0,42.0
2023-04-15,7.8,0.0,63.0,49.0
2023-04-16,9.6,0.0,63.0,48.0
2023-04-17,8.5,0.0,61.0,48.0
2023-04-18,8.7,0.07,61.0,46.0
2023-04-19,9.6,0.0,63.0,46.0
2023-04-20,6.7,0.0,71.0,45.0
2023-04-21,6.0,0.0,77.0,50.0
2023-04-22,6.7,0.0,78.0,54.0
2023-04-23,6.7,0.0,69.0,50.0
2023-04-24,6.3,0.0,72.0,47.0
2023-04-25,6.0,0.0,79.0,48.0
2023-04-26,4.5,0.0,83.0,51.0
2023-04-27,4.7,0.0,88.0,55.0
2023-04-28,6.3,0.0,79.0,55.0
2023-04-29,6.7,0.0,72.0,52.0
2023-04-30,10.3,0.0,68.0,50.0
2023-05-01,11.2,0.04,60.0,51.0
2023-05-02,10.1,0.12,64.0,49.0
2023-05-03,11.9,0.04,62.0,50.0
2023-05-04,5.1,0.04,61.0,48.0
2023-05-05,3.8,0.15,64.0,50.0
2023-05-06,6.9,0.02,65.0,53.0
2023-05-07,7.4,0.02,67.0,51.0
2023-05-08,9.6,0.01,67.0,48.0
2023-05-09,7.8,0.0,68.0,48.0
2023-05-10,7.4,0.0,64.0,47.0
2023-05-11,7.6,0.0,66.0,52.0
2023-05-12,6.7,0.0,74.0,51.0
2023-05-13,4.7,0.0,87.0,54.0
2023-05-14,6.9,0.0,81.0,58.0
2023-05-15,8.5,0.0,75.0,56.0
2023-05-16,6.7,0.0,82.0,57.0
2023-05-17,6.7,0.0,75.0,55.0
2023-05-18,6.7,0.0,71.0,56.0
2023-05-19,6.9,0.0,73.0,54.0
2023-05-20,7.4,0.0,68.0,55.0
2023-05-21,6.0,0.0,79.0,57.0
2023-05-22,8.1,0.0,81.0,52.0
2023-05-23,13.0,0.0,69.0,53.0
2023-05-24,8.1,0.0,70.0,53.0
2023-05-25,7.6,0.0,70.0,54.0
2023-05-26,9.6,0.0,71.0,55.0
2023-05-27,7.6,0.0,74.0,57.0
2023-05-28,6.9,0.0,69.0,57.0
2023-05-29,9.4,0.0,73.0,57.0
2023-05-30,8.5,0.0,71.0,53.0
2023-05-31,6.7,0.0,71.0,54.0
2023-06-01,9.2,0.0,74.0,53.0
2023-06-02,8.5,0.0,74.0,52.0
2023-06-03,6.0,0.0,80.0,51.0
2023-06-04,6.0,0.0,80.0,54.0
2023-06-05,12.3,0.0,74.0,54.0
2023-06-06,11.2,0.09,71.0,59.0
2023-06-07,8.1,0.0,74.0,59.0
2023-06-08,8.3,0.0,72.0,57.0
2023-06-09,7.2,0.0,70.0,56.0
2023-06-10,5.8,0.0,69.0,56.0
2023-06-11,9.4,0.0,77.0,56.0
2023-06-12,8.3,0.0,76.0,57.0
2023-06-13,7.6,0.0,72.0,57.0
2023-06-14,6.5,0.0,77.0,58.0
2023-06-15,8.9,0.0,77.0,56.0
2023-06-16,7.4,0.0,76.0,58.0
2023-06-17,6.9,0.0,78.0,57.0
2023-06-18,9.2,0.0,75.0,56.0
2023-06-19,12.3,0.0,69.0,54.0
2023-06-20,7.6,0.0,74.0,50.0
2023-06-21,7.6,0.0,73.0,49.0
2023-06-22,6.9,0.0,74.0,56.0
2023-06-23,10.1,0.0,73.0,57.0
2023-06-24,8.7,0.0,70.0,56.0
2023-06-25,9.2,0.0,70.0,57.0
2023-06-26,7.4,0.0,72.0,57.0
2023-06-27,7.2,0.0,71.0,56.0
2023-06-28,6.7,0.0,70.0,56.0
2023-06-29,5.4,0.0,82.0,56.0
2023-06-30,5.6,0.0,88.0,58.0
2023-07-01,5.1,0.0,94.0,60.0
2023-07-02,6.3,0.0,90.0,66.0
2023-07-03,6.9,0.0,80.0,59.0
2023-07-04,7.8,0.0,79.0,56.0
2023-07-05,7.6,0.0,77.0,55.0
2023-07-06,8.9,0.0,74.0,57.0
2023-07-07,9.4,0.0,70.0,58.0
2023-07-08,11.4,0.0,70.0,54.0
2023-07-09,9.6,0.0,69.0,54.0
2023-07-10,7.8,0.0,75.0,57.0
2023-07-11,6.0,0.0,85.0,56.0
2023-07-12,5.8,0.0,78.0,55.0
2023-07-13,6.7,0.0,84.0,58.0
2023-07-14,6.7,0.0,85.0,59.0
2023-07-15,5.6,0.0,89.0,59.0
2023-07-16,6.0,0.0,91.0,62.0
2023-07-17,6.7,0.0,89.0,64.0
2023-07-18,7.8,0.0,80.0,59.0
2023-07-19,6.3,0.0,82.0,58.0
2023-07-20,5.1,0.0,86.0,57.0
2023-07-21,5.4,0.0,87.0,61.0
2023-07-22,6.5,0.0,91.0,60.0
2023-07-23,6.0,0.0,87.0,62.0
2023-07-24,7.4,0.0,81.0,59.0
2023-07-25,5.8,0.0,87.0,55.0
2023-07-26,7.4,0.0,81.0,59.0
2023-07-27,6.9,0.0,78.0,58.0
2023-07-28,6.7,0.0,80.0,57.0
2023-07-29,7.2,0.0,80.0,56.0
2023-07-30,6.7,0.0,83.0,56.0
2023-07-31,6.3,0.0,80.0,58.0
2023-08-01,7.6,0.0,79.0,58.0
2023-08-02,8.1,0.0,78.0,60.0
2023-08-03,8.1,0.0,74.0,57.0
2023-08-04,6.5,0.0,82.0,58.0
2023-08-05,5.4,0.0,85.0,57.0
2023-08-06,6.3,0.0,92.0,60.0
2023-08-07,6.5,0.0,93.0,63.0
2023-08-08,8.3,0.0,85.0,58.0
2023-08-09,9.6,0.0,83.0,60.0
2023-08-10,6.9,0.0,86.0,57.0
2023-08-11,5.8,0.0,82.0,63.0
2023-08-12,6.9,0.0,86.0,61.0
2023-08-13,5.8,0.0,89.0,63.0
2023-08-14,5.8,0.0,88.0,66.0
2023-08-15,6.0,0.0,90.0,66.0
2023-08-16,5.8,0.0,89.0,66.0
2023-08-17,7.2,0.0,85.0,65.0
2023-08-18,7.6,0.0,86.0,64.0
2023-08-19,5.8,0.0,82.0,63.0
2023-08-20,8.7,0.0,93.0,64.0
2023-08-21,11.2,0.0,76.0,69.0
2023-08-22,5.8,0.0,85.0,67.0
2023-08-23,5.8,0.0,95.0,66.0
2023-08-24,6.9,0.0,90.0,67.0
2023-08-25,5.8,0.0,77.0,64.0
2023-08-26,7.6,0.0,77.0,61.0
2023-08-27,6.0,0.0,83.0,59.0
2023-08-28,6.3,0.0,87.0,59.0
2023-08-29,5.4,0.0,85.0,56.0
2023-08-30,4.7,0.0,95.0,61.0
2023-08-31,7.6,0.0,88.0,63.0
2023-09-01,8.5,0.0,77.0,61.0
2023-09-02,4.3,0.0,74.0,61.0
2023-09-03,8.1,0.0,78.0,65.0
2023-09-04,6.7,0.0,79.0,61.0
2023-09-05,5.8,0.0,84.0,58.0
2023-09-06,8.3,0.0,83.0,59.0
2023-09-07,5.4,0.0,81.0,63.0
2023-09-08,5.8,0.0,87.0,59.0
2023-09-09,4.9,0.0,85.0,58.0
2023-09-10,5.1,0.0,85.0,58.0
2023-09-11,5.8,0.0,84.0,56.0
2023-09-12,6.3,0.0,82.0,60.0
2023-09-13,6.7,0.0,85.0,57.0
2023-09-14,7.8,0.0,83.0,59.0
2023-09-15,7.6,0.0,80.0,62.0
2023-09-16,6.7,0.0,77.0,64.0
2023-09-17,7.2,0.0,78.0,63.0
2023-09-18,6.3,0.0,79.0,58.0
2023-09-19,4.9,0.0,80.0,59.0
2023-09-20,8.5,0.0,80.0,60.0
2023-09-21,7.6,0.0,81.0,56.0
2023-09-22,5.8,0.0,80.0,55.0
2023-09-23,6.5,0.0,76.0,54.0
2023-09-24,5.8,0.0,77.0,57.0
2023-09-25,6.5,0.0,82.0,55.0
2023-09-26,8.7,0.0,79.0,63.0
2023-09-27,6.5,0.0,80.0,54.0
2023-09-28,5.6,0.0,82.0,53.0
2023-09-29,6.0,0.0,78.0,57.0
2023-09-30,4.5,0.08,69.0,59.0
2023-10-01,5.8,0.0,78.0,57.0
2023-10-02,4.5,0.0,82.0,54.0
2023-10-03,2.9,0.0,83.0,54.0
2023-10-04,3.1,0.0,92.0,58.0
2023-10-05,3.8,0.0,95.0,64.0
2023-10-06,4.3,0.0,95.0,64.0
2023-10-07,4.3,0.0,94.0,64.0
2023-10-08,4.9,0.0,85.0,59.0
2023-10-09,4.7,0.0,75.0,60.0
2023-10-10,6.3,0.0,76.0,61.0
2023-10-11,10.7,0.0,75.0,57.0
2023-10-12,3.4,0.0,82.0,52.0
2023-10-13,4.9,0.0,80.0,53.0
2023-10-14,6.3,0.0,83.0,58.0
2023-10-15,4.7,0.0,84.0,62.0
2023-10-16,5.4,0.0,81.0,55.0
2023-10-17,4.9,0.0,81.0,63.0
2023-10-18,2.0,0.0,90.0,57.0
2023-10-19,3.6,0.0,93.0,62.0
2023-10-20,5.6,0.0,76.0,59.0
2023-10-21,5.8,0.0,75.0,58.0
2023-10-22,8.9,0.07,73.0,60.0
2023-10-23,6.0,0.04,79.0,60.0
2023-10-24,5.1,0.0,77.0,55.0
2023-10-25,5.8,0.0,72.0,52.0
2023-10-26,8.5,0.0,70.0,49.0
2023-10-27,4.9,0.0,70.0,44.0
2023-10-28,5.8,0.0,71.0,44.0
2023-10-29,4.0,0.0,76.0,47.0
2023-10-30,2.5,0.0,78.0,43.0
2023-10-31,2.2,0.0,76.0,45.0
2023-11-01,2.5,0.0,81.0,43.0
2023-11-02,3.1,0.0,81.0,49.0
2023-11-03,3.6,0.0,82.0,52.0
2023-11-04,4.3,0.0,81.0,55.0
2023-11-05,4.0,0.07,80.0,57.0
2023-11-06,6.3,0.0,72.0,57.0
2023-11-07,6.9,0.0,69.0,50.0
2023-11-08,4.7,0.0,72.0,45.0
2023-11-09,3.4,0.0,72.0,43.0
2023-11-10,3.1,0.0,72.0,45.0
2023-11-11,3.6,0.0,74.0,46.0
2023-11-12,3.1,0.0,80.0,45.0
2023-11-13,4.5,0.0,74.0,48.0
2023-11-14,6.7,0.0,75.0,55.0
2023-11-15,8.3,0.07,78.0,53.0
2023-11-16,2.9,0.0,72.0,57.0
2023-11-17,6.9,0.03,75.0,52.0
2023-11-18,11.6,0.33,71.0,55.0
2023-11-19,8.3,0.0,64.0,49.0
2023-11-20,9.6,0.0,70.0,48.0
2023-11-21,2.0,0.0,68.0,44.0
2023-11-22,1.3,0.0,70.0,44.0
2023-11-23,,0.0,73.0,47.0
2023-11-24,,0.0,64.0,43.0
2023-11-25,,0.0,65.0,36.0
2023-11-26,2.0,0.0,65.0,40.0
2023-11-27,2.7,0.0,68.0,39.0
2023-11-28,2.9,0.0,70.0,40.0
2023-11-29,3.6,0.06,66.0,49.0
2023-11-30,6.7,0.0,65.0,46.0
2023-12-01,5.6,0.0,63.0,43.0
2023-12-02,4.7,0.01,66.0,52.0
2023-12-03,4.9,0.0,68.0,49.0
2023-12-04,1.6,0.0,67.0,50.0
2023-12-05,1.8,0.0,71.0,46.0
2023-12-06,5.4,0.04,67.0,46.0
2023-12-07,3.6,0.02,63.0,46.0
2023-12-08,4.7,0.0,60.0,40.0
2023-12-09,3.1,0.0,64.0,39.0
2023-12-10,2.5,0.0,62.0,37.0
2023-12-11,3.6,0.0,66.0,38.0
2023-12-12,3.1,0.0,64.0,50.0
2023-12-13,2.2,0.0,65.0,46.0
2023-12-14,2.9,0.0,64.0,40.0
2023-12-15,2.5,0.0,67.0,42.0
2023-12-16,2.9,0.0,70.0,40.0
2023-12-17,3.1,0.17,62.0,47.0
2023-12-18,8.1,0.48,65.0,52.0
2023-12-19,10.1,0.3,67.0,59.0
2023-12-20,7.2,0.74,60.0,53.0
2023-12-21,1.1,0.0,61.0,48.0
2023-12-22,3.6,0.0,67.0,49.0
2023-12-23,2.7,0.0,65.0,42.0
2023-12-24,2.7,0.0,59.0,38.0
2023-12-25,3.8,0.0,63.0,40.0
2023-12-26,3.1,0.0,62.0,42.0
2023-12-27,11.2,0.01,64.0,50.0
2023-12-28,6.5,0.0,72.0,56.0
2023-12-29,8.3,0.68,71.0,55.0
2023-12-30,5.1,0.31,62.0,53.0
2023-12-31,3.4,0.0,61.0,49.0
2024-01-01,2.7,0.0,65.0,45.0
2024-01-02,7.6,0.43,65.0,44.0
2024-01-03,8.1,0.03,60.0,47.0
2024-01-04,4.3,0.0,62.0,44.0
2024-01-05,6.0,0.0,64.0,43.0
2024-01-06,8.1,0.12,58.0,39.0
2024-01-07,4.7,0.0,56.0,36.0
2024-01-08,2.9,0.0,60.0,35.0
2024-01-09,5.6,0.02,58.0,44.0
2024-01-10,6.9,0.32,54.0,38.0
2024-01-11,5.6,0.0,57.0,38.0
2024-01-12,4.9,0.0,58.0,36.0
2024-01-13,8.5,0.15,59.0,45.0
2024-01-14,6.0,0.05,62.0,48.0
2024-01-15,1.1,0.0,61.0,47.0
2024-01-16,3.8,0.19,61.0,45.0
2024-01-17,4.3,0.0,62.0,48.0
2024-01-18,2.5,0.0,64.0,44.0
2024-01-19,6.7,0.04,64.0,49.0
2024-01-20,9.2,0.33,63.0,54.0
2024-01-21,13.9,0.41,64.0,54.0
2024-01-22,7.2,1.06,63.0,56.0
2024-01-23,5.1,0.01,64.0,53.0
2024-01-24,8.7,0.48,63.0,54.0
2024-01-25,4.5,0.0,64.0,47.0
2024-01-26,1.3,0.0,64.0,49.0
2024-01-27,2.5,0.0,68.0,49.0
2024-01-28,2.2,0.0,72.0,50.0
2024-01-29,2.7,0.0,74.0,50.0
2024-01-30,6.0,0.0,73.0,52.0
2024-01-31,14.8,0.84,64.0,54.0
2024-02-01,4.9,0.45,62.0,50.0
2024-02-02,5.8,0.37,59.0,47.0
2024-02-03,7.8,0.31,58.0,47.0
2024-02-04,21.9,0.87,62.0,50.0
2024-02-05,7.4,0.55,60.0,50.0
2024-02-06,4.9,0.18,60.0,47.0
2024-02-07,8.7,0.55,56.0,45.0
2024-02-08,4.5,0.0,59.0,38.0
2024-02-09,4.3,0.0,59.0,38.0
2024-02-10,3.8,0.0,64.0,41.0
2024-02-11,3.8,0.0,64.0,42.0
2024-02-12,3.6,0.0,64.0,42.0
2024-02-13,4.7,0.0,64.0,46.0
2024-02-14,8.5,0.17,60.0,48.0
2024-02-15,4.5,0.0,67.0,47.0
2024-02-16,2.5,0.0,65.0,48.0
2024-02-17,10.5,0.21,61.0,54.0
2024-02-18,12.8,0.5,70.0,51.0
2024-02-19,12.5,0.04,67.0,55.0
2024-02-20,7.8,0.15,63.0,52.0
2024-02-21,4.9,0.0,66.0,44.0
2024-02-22,3.6,0.0,68.0,45.0
2024-02-23,2.2,0.0,69.0,44.0
2024-02-24,2.9,0.0,75.0,46.0
2024-02-25,5.8,0.0,70.0,48.0
2024-02-26,5.8,0.0,66.0,50.0
2024-02-27,5.8,0.0,64.0,44.0
2024-02-28,4.9,0.0,70.0,42.0
2024-02-29,10.1,0.19,73.0,49.0
2024-03-01,8.1,0.13,61.0,51.0
2024-03-02,7.6,0.21,55.0,48.0
2024-03-03,6.3,0.13,59.0,44.0
2024-03-04,4.3,0.01,61.0,44.0
2024-03-05,8.9,0.0,62.0,48.0
2024-03-06,5.6,0.68,63.0,50.0
2024-03-07,5.1,0.0,62.0,48.0
2024-03-08,4.7,0.0,70.0,42.0
2024-03-09,5.8,0.0,66.0,49.0
2024-03-10,4.7,0.0,66.0,51.0
2024-03-11,7.2,0.06,64.0,51.0
2024-03-12,10.5,0.04,64.0,53.0
2024-03-13,8.7,0.0,65.0,46.0
2024-03-14,11.9,0.0,71.0,51.0
2024-03-15,7.8,0.0,75.0,54.0
2024-03-16,7.6,0.0,73.0,48.0
2024-03-17,5.8,0.0,71.0,48.0
2024-03-18,4.7,0.0,72.0,46.0
2024-03-19,5.4,0.0,71.0,52.0
2024-03-20,5.8,0.0,71.0,46.0
2024-03-21,4.9,0.0,73.0,49.0
2024-03-22,9.8,0.63,70.0,50.0
2024-03-23,6.5,0.29,61.0,49.0
2024-03-24,11.0,0.17,64.0,48.0
2024-03-25,7.6,0.0,63.0,52.0
2024-03-26,6.5,0.0,65.0,50.0
2024-03-27,6.9,0.07,65.0,45.0
2024-03-28,6.7,0.08,64.0,48.0
2024-03-29,13.6,0.48,59.0,47.0
2024-03-30,6.7,0.15,66.0,48.0
2024-03-31,6.5,0.0,69.0,45.0
2024-04-01,5.1,0.0,73.0,45.0
2024-04-02,5.8,0.0,76.0,49.0
2024-04-03,7.8,0.0,67.0,52.0
2024-04-04,9.6,0.3,57.0,44.0
2024-04-05,9.2,0.04,60.0,43.0
2024-04-06,7.6,0.0,62.0,40.0
2024-04-07,7.6,0.0,64.0,43.0
2024-04-08,6.0,0.0,72.0,45.0
2024-04-09,5.1,0.0,78.0,47.0
2024-04-10,4.5,0.0,81.0,51.0
2024-04-11,4.9,0.0,81.0,55.0
2024-04-12,9.2,0.0,68.0,54.0
2024-04-13,11.4,0.44,59.0,49.0
2024-04-14,8.5,0.03,63.0,47.0
2024-04-15,6.5,0.0,69.0,53.0
2024-04-16,4.5,0.0,77.0,48.0
2024-04-17,4.5,0.0,81.0,55.0
2024-04-18,5.6,0.0,78.0,56.0
2024-04-19,7.4,0.0,73.0,50.0
2024-04-20,6.5,0.0,74.0,52.0
2024-04-21,4.3,0.0,81.0,50.0
2024-04-22,6.7,0.0,83.0,56.0
2024-04-23,10.3,0.0,66.0,55.0
2024-04-24,6.9,0.0,69.0,58.0
2024-04-25,7.6,0.0,68.0,55.0
2024-04-26,12.3,0.0,68.0,54.0
2024-04-27,6.9,0.0,71.0,49.0
2024-04-28,9.2,0.0,73.0,50.0
2024-04-29,9.6,0.0,72.0,50.0
2024-04-30,8.5,0.0,71.0,50.0
2024-05-01,5.8,0.0,78.0,49.0
2024-05-02,8.1,0.0,75.0,53.0
2024-05-03,7.6,0.0,76.0,54.0
2024-05-04,8.7,0.67,59.0,50.0
2024-05-05,9.6,0.0,64.0,45.0
2024-05-06,8.1,0.0,69.0,45.0
2024-05-07,8.5,0.0,72.0,50.0
2024-05-08,8.1,0.0,81.0,52.0
2024-05-09,6.7,0.0,86.0,54.0
2024-05-10,5.8,0.0,86.0,56.0
2024-05-11,6.7,0.0,83.0,57.0
2024-05-12,6.5,0.0,75.0,57.0
2024-05-13,7.2,0.0,71.0,55.0
2024-05-14,6.5,0.0,79.0,55.0
2024-05-15,6.0,0.0,77.0,54.0
2024-05-16,9.6,0.0,80.0,57.0
2024-05-17,9.6,0.0,76.0,57.0
2024-05-18,9.6,0.0,78.0,57.0
2024-05-19,9.4,0.0,77.0,54.0
2024-05-20,8.1,0.0,78.0,52.0
2024-05-21,7.6,0.0,83.0,52.0
2024-05-22,7.6,0.0,78.0,54.0
2024-05-23,6.9,0.0,77.0,52.0
2024-05-24,8.3,0.0,67.0,53.0
2024-05-25,8.5,0.0,69.0,53.0
2024-05-26,6.3,0.0,76.0,49.0
2024-05-27,6.9,0.0,75.0,53.0
2024-05-28,7.4,0.0,76.0,54.0
2024-05-29,7.6,0.0,82.0,54.0
2024-05-30,5.1,0.0,88.0,57.0
2024-05-31,7.2,0.0,87.0,58.0
2024-06-01,8.5,0.0,75.0,55.0
2024-06-02,8.3,0.0,75.0,57.0
2024-06-03,9.4,0.0,77.0,58.0
2024-06-04,7.4,0.0,89.0,57.0
2024-06-05,5.8,0.0,92.0,65.0
2024-06-06,6.5,0.0,83.0,61.0
2024-06-07,8.7,0.0,83.0,57.0
2024-06-08,7.6,0.0,79.0,57.0
2024-06-09,8.7,0.0,80.0,58.0
2024-06-10,7.2,0.0,82.0,57.0
2024-06-11,5.8,0.0,92.0,59.0
2024-06-12,10.3,0.0,83.0,61.0
2024-06-13,10.5,0.0,77.0,57.0
2024-06-14,9.2,0.0,82.0,53.0
2024-06-15,8.1,0.0,82.0,56.0
2024-06-16,10.3,0.0,81.0,56.0
2024-06-17,10.5,0.0,83.0,57.0
2024-06-18,7.6,0.0,89.0,56.0
2024-06-19,7.6,0.0,75.0,54.0
2024-06-20,6.9,0.0,74.0,57.0
2024-06-21,6.3,0.0,84.0,57.0
2024-06-22,4.7,0.0,89.0,58.0
2024-06-23,7.6,0.0,86.0,61.0
2024-06-24,5.4,0.0,86.0,62.0
2024-06-25,7.8,0.0,90.0,61.0
2024-06-26,9.2,0.0,77.0,59.0
2024-06-27,7.4,0.0,80.0,56.0
2024-06-28,6.9,0.0,86.0,57.0
2024-06-29,8.1,0.0,87.0,57.0
2024-06-30,8.1,0.0,86.0,62.0
2024-07-01,4.9,0.0,91.0,62.0
2024-07-02,4.9,0.0,102.0,66.0
2024-07-03,6.5,0.0,101.0,70.0
2024-07-04,7.4,0.0,93.0,68.0
2024-07-05,6.7,0.0,94.0,65.0
2024-07-06,6.3,0.0,96.0,64.0
2024-07-07,6.7,0.0,89.0,65.0
2024-07-08,6.7,0.0,84.0,63.0
2024-07-09,6.9,0.0,80.0,61.0
2024-07-10,5.4,0.0,93.0,66.0
2024-07-11,5.8,0.0,99.0,66.0
2024-07-12,6.9,0.0,92.0,65.0
2024-07-13,6.7,0.0,85.0,64.0
2024-07-14,7.6,0.0,81.0,62.0
2024-07-15,7.6,0.0,78.0,61.0
2024-07-16,8.5,0.0,78.0,61.0
2024-07-17,8.3,0.0,80.0,60.0
2024-07-18,6.3,0.0,88.0,60.0
2024-07-19,7.8,0.0,95.0,62.0
2024-07-20,7.2,0.0,84.0,62.0
2024-07-21,5.6,0.0,80.0,60.0
2024-07-22,5.8,0.0,92.0,61.0
2024-07-23,6.0,0.0,97.0,68.0
2024-07-24,6.9,0.0,91.0,71.0
2024-07-25,7.2,0.0,90.0,66.0
2024-07-26,7.8,0.0,83.0,60.0
2024-07-27,8.5,0.0,72.0,61.0
2024-07-28,8.7,0.0,84.0,60.0
2024-07-29,6.5,0.0,77.0,61.0
2024-07-30,8.3,0.0,80.0,63.0
2024-07-31,6.7,0.0,84.0,63.0
2024-08-01,6.9,0.0,86.0,63.0
2024-08-02,6.3,0.0,83.0,62.0
2024-08-03,8.1,0.0,90.0,63.0
2024-08-04,7.6,0.0,79.0,61.0
2024-08-05,7.2,0.0,78.0,61.0
2024-08-06,5.4,0.0,92.0,59.0
2024-08-07,6.5,0.0,92.0,63.0
2024-08-08,7.4,0.0,80.0,61.0
2024-08-09,7.2,0.0,81.0,60.0
2024-08-10,5.6,0.0,86.0,59.0
2024-08-11,7.8,0.0,78.0,60.0
2024-08-12,6.3,0.0,81.0,61.0
2024-08-13,5.4,0.0,83.0,59.0
2024-08-14,7.4,0.0,86.0,60.0
2024-08-15,7.6,0.0,83.0,59.0
2024-08-16,6.9,0.0,85.0,60.0
2024-08-17,9.2,0.0,85.0,63.0
2024-08-18,9.2,0.0,80.0,64.0
2024-08-19,7.4,0.0,82.0,59.0
2024-08-20,7.6,0.0,89.0,59.0
2024-08-21,7.6,0.0,83.0,61.0
2024-08-22,7.4,0.0,77.0,59.0
2024-08-23,7.4,0.0,77.0,60.0
2024-08-24,6.9,0.0,80.0,63.0
2024-08-25,5.8,0.0,86.0,59.0
2024-08-26,7.4,0.0,91.0,60.0
2024-08-27,5.8,0.0,95.0,63.0
2024-08-28,5.8,0.0,90.0,63.0
2024-08-29,7.2,0.0,83.0,59.0
2024-08-30,6.7,0.0,79.0,62.0
2024-08-31,7.4,0.0,79.0,63.0
2024-09-01,8.3,0.0,79.0,60.0
2024-09-02,6.7,0.0,80.0,58.0
2024-09-03,4.5,0.0,95.0,59.0
2024-09-04,5.1,0.0,90.0,64.0
2024-09-05,5.6,0.0,93.0,63.0
2024-09-06,5.6,0.0,92.0,63.0
2024-09-07,6.0,0.0,85.0,62.0
2024-09-08,4.9,0.0,90.0,60.0
2024-09-09,6.0,0.0,80.0,62.0
2024-09-10,6.7,0.0,77.0,60.0
2024-09-11,8.3,0.0,78.0,57.0
2024-09-12,6.3,0.0,84.0,59.0
2024-09-13,5.4,0.0,89.0,59.0
2024-09-14,6.3,0.0,83.0,58.0
2024-09-15,9.4,0.0,75.0,57.0
2024-09-16,5.6,0.0,75.0,59.0
2024-09-17,7.6,0.0,76.0,56.0
2024-09-18,5.6,0.0,78.0,62.0
2024-09-19,5.8,0.0,77.0,60.0
2024-09-20,5.1,0.0,79.0,61.0
2024-09-21,7.6,0.0,82.0,57.0
2024-09-22,4.5,0.0,84.0,57.0
2024-09-23,3.6,0.0,95.0,58.0
2024-09-24,5.8,0.0,93.0,63.0
2024-09-25,7.4,0.0,79.0,59.0
2024-09-26,4.7,0.0,82.0,61.0
2024-09-27,3.6,0.0,94.0,59.0
2024-09-28,5.6,0.0,81.0,61.0
2024-09-29,4.0,0.0,80.0,61.0
2024-09-30,3.4,0.0,95.0,56.0
2024-10-01,2.5,0.0,100.0,62.0
2024-10-02,3.1,0.0,106.0,65.0
2024-10-03,4.5,0.0,101.0,68.0
2024-10-04,3.8,0.0,98.0,65.0
2024-10-05,3.4,0.0,98.0,65.0
2024-10-06,4.3,0.0,103.0,66.0
2024-10-07,6.3,0.0,102.0,68.0
2024-10-08,6.3,0.0,88.0,62.0
2024-10-09,4.7,0.0,78.0,59.0
2024-10-10,4.3,0.0,79.0,59.0
2024-10-11,4.7,0.0,78.0,58.0
2024-10-12,7.2,0.0,82.0,53.0
2024-10-13,6.3,0.0,80.0,63.0
2024-10-14,4.9,0.0,76.0,60.0
2024-10-15,5.6,0.0,81.0,55.0
2024-10-16,4.5,0.0,77.0,59.0
2024-10-17,7.4,0.0,75.0,54.0
2024-10-18,9.8,0.0,79.0,57.0
2024-10-19,4.7,0.0,85.0,53.0
2024-10-20,4.5,0.0,85.0,54.0
2024-10-21,4.7,0.0,77.0,53.0
2024-10-22,3.8,0.0,74.0,54.0
2024-10-23,3.6,0.0,82.0,50.0
2024-10-24,4.0,0.0,80.0,54.0
2024-10-25,4.0,0.0,81.0,52.0
2024-10-26,3.8,0.0,81.0,50.0
2024-10-27,7.6,0.0,76.0,58.0
2024-10-28,9.4,0.01,69.0,55.0
2024-10-29,4.9,0.0,70.0,49.0
2024-10-30,6.3,0.0,70.0,47.0
2024-10-31,7.8,0.0,69.0,53.0
2024-11-01,6.0,0.0,71.0,48.0
2024-11-02,7.6,0.0,68.0,54.0
2024-11-03,9.4,0.0,73.0,48.0
2024-11-04,6.0,0.0,78.0,48.0
2024-11-05,5.6,0.0,77.0,49.0
2024-11-06,9.8,0.0,74.0,53.0
2024-11-07,3.6,0.0,77.0,48.0
2024-11-08,4.5,0.0,75.0,47.0
2024-11-09,3.4,0.0,74.0,46.0
2024-11-10,3.8,0.0,74.0,45.0
2024-11-11,7.4,0.33,63.0,51.0
2024-11-12,4.5,0.0,66.0,49.0
2024-11-13,4.9,0.0,68.0,46.0
2024-11-14,6.0,0.0,67.0,49.0
2024-11-15,6.5,0.0,61.0,48.0
2024-11-16,3.6,0.0,64.0,40.0
2024-11-17,5.1,0.01,67.0,41.0
2024-11-18,8.5,0.0,62.0,46.0
2024-11-19,4.9,0.0,65.0,40.0
2024-11-20,14.1,0.0,67.0,52.0
2024-11-21,14.8,0.0,69.0,63.0
2024-11-22,12.3,0.72,67.0,57.0
2024-11-23,4.7,0.02,66.0,49.0
2024-11-24,6.5,0.0,67.0,45.0
2024-11-25,7.4,0.23,62.0,53.0
2024-11-26,2.7,0.0,61.0,52.0
2024-11-27,5.4,0.0,65.0,44.0
2024-11-28,2.5,0.0,64.0,37.0
2024-11-29,2.5,0.0,66.0,37.0
2024-11-30,3.1,0.0,68.0,42.0
2024-12-01,2.2,0.0,70.0,50.0
2024-12-02,2.2,0.0,71.0,47.0
2024-12-03,2.5,0.0,71.0,44.0
2024-12-04,2.0,0.0,70.0,44.0
2024-12-05,2.9,0.0,69.0,48.0
2024-12-06,3.6,0.0,73.0,44.0
2024-12-07,2.9,0.0,69.0,43.0
2024-12-08,2.9,0.0,71.0,46.0
2024-12-09,5.1,0.0,69.0,41.0
2024-12-10,2.9,0.0,66.0,39.0
2024-12-11,4.5,0.0,68.0,38.0
2024-12-12,5.6,0.49,60.0,50.0
2024-12-13,12.3,0.01,63.0,53.0
2024-12-14,11.2,0.9,59.0,48.0
2024-12-15,2.7,0.0,61.0,40.0
2024-12-16,7.2,0.09,58.0,45.0
2024-12-17,3.4,0.0,63.0,46.0
2024-12-18,3.1,0.0,60.0,46.0
2024-12-19,3.1,0.0,63.0,39.0
2024-12-20,2.5,0.0,59.0,41.0
2024-12-21,5.8,0.0,65.0,51.0
2024-12-22,5.8,0.03,69.0,57.0
2024-12-23,5.6,0.0,74.0,59.0
2024-12-24,6.3,0.45,63.0,48.0
2024-12-25,2.7,0.0,58.0,43.0
2024-12-26,9.8,0.24,66.0,51.0
2024-12-27,5.8,0.06,66.0,54.0
2024-12-28,5.1,0.0,69.0,55.0
2024-12-29,8.1,0.06,65.0,49.0
2024-12-30,4.5,0.0,62.0,46.0
2024-12-31,2.7,0.0,62.0,39.0
