date,ADPT,ASLP,ASTP,AWBT,AWND,PGTM,PRCP,RHAV,RHMN,RHMX,TMAX,TMIN,WDF2,WDF5,WSF2,WSF5,WT01,WT02,WT03,WT08
2019-01-01,-78.0,10230.0,10213.0,22.0,5.8,,0.0,35.0,21.0,55.0,55.0,36.0,50.0,60.0,17.0,23.0,,,,
2019-01-02,-33.0,10240.0,10224.0,28.0,4.0,,0.0,50.0,26.0,67.0,57.0,33.0,330.0,330.0,8.9,10.1,,,,
2019-01-03,-6.0,10224.0,10207.0,39.0,2.7,,0.0,59.0,33.0,82.0,58.0,34.0,320.0,340.0,8.9,11.0,,,,
2019-01-04,28.0,10149.0,10132.0,61.0,3.4,,0.0,67.0,38.0,86.0,62.0,35.0,200.0,200.0,14.1,19.0,,,,
2019-01-05,67.0,10088.0,10068.0,89.0,13.2,,0.1,76.0,61.0,93.0,56.0,46.0,130.0,150.0,30.0,40.0,1.0,,,1.0
2019-01-06,89.0,10119.0,10095.0,94.0,12.8,,0.79,89.0,80.0,96.0,59.0,43.0,140.0,140.0,30.0,36.9,1.0,,,
2019-01-07,94.0,10196.0,10183.0,111.0,5.8,,0.0,79.0,60.0,97.0,62.0,49.0,320.0,310.0,15.0,19.0,,,,
2019-01-08,106.0,10156.0,10135.0,117.0,7.8,,0.02,79.0,67.0,89.0,61.0,51.0,140.0,150.0,23.9,31.1,1.0,,,
2019-01-09,111.0,10183.0,10169.0,122.0,7.8,,0.11,85.0,72.0,93.0,61.0,50.0,130.0,130.0,23.9,30.0,1.0,,,1.0
2019-01-10,89.0,10200.0,10186.0,100.0,3.1,,0.0,87.0,65.0,100.0,62.0,43.0,330.0,340.0,13.0,13.0,1.0,1.0,,
2019-01-11,83.0,10129.0,10112.0,106.0,9.6,,0.04,75.0,52.0,97.0,64.0,45.0,130.0,130.0,21.9,25.9,,,,
2019-01-12,83.0,10149.0,10132.0,106.0,6.5,,0.0,76.0,50.0,92.0,64.0,47.0,220.0,160.0,16.1,21.0,,,,
2019-01-13,61.0,10152.0,10135.0,94.0,6.3,,0.0,70.0,48.0,97.0,62.0,43.0,160.0,160.0,17.0,21.0,,,,
2019-01-14,78.0,10115.0,10098.0,94.0,8.1,,0.08,80.0,70.0,86.0,57.0,48.0,150.0,140.0,21.0,28.0,1.0,,,
2019-01-15,94.0,10088.0,10075.0,106.0,13.4,,0.21,86.0,80.0,93.0,57.0,51.0,140.0,140.0,25.1,32.0,1.0,,,
2019-01-16,111.0,10115.0,10098.0,122.0,17.4,,1.02,83.0,67.0,93.0,61.0,54.0,150.0,150.0,32.0,44.1,1.0,,,
2019-01-17,94.0,10176.0,10163.0,117.0,6.5,,0.05,75.0,58.0,89.0,60.0,52.0,210.0,170.0,16.1,19.9,1.0,,,
2019-01-18,83.0,10264.0,10247.0,111.0,2.7,,0.0,71.0,43.0,93.0,64.0,50.0,170.0,170.0,8.1,10.1,,,,
2019-01-19,100.0,10257.0,10240.0,122.0,3.4,,0.0,75.0,53.0,90.0,69.0,49.0,320.0,310.0,10.1,13.0,,,,
2019-01-20,100.0,10186.0,10166.0,117.0,6.9,,0.21,84.0,73.0,90.0,65.0,47.0,310.0,310.0,23.9,30.0,1.0,,,1.0
2019-01-21,61.0,10234.0,10213.0,83.0,6.5,,0.01,77.0,55.0,93.0,56.0,43.0,320.0,320.0,16.1,19.9,1.0,,,
2019-01-22,17.0,10288.0,10268.0,61.0,5.6,,0.0,58.0,33.0,86.0,59.0,41.0,320.0,350.0,15.0,21.0,,,,
2019-01-23,22.0,10288.0,10264.0,61.0,3.1,,0.0,61.0,36.0,77.0,61.0,37.0,330.0,340.0,13.0,15.0,,,,
2019-01-24,44.0,10237.0,10217.0,78.0,5.4,,0.0,65.0,43.0,89.0,64.0,40.0,340.0,320.0,16.1,21.9,,,,
2019-01-25,50.0,10234.0,10217.0,78.0,2.9,,0.0,68.0,39.0,83.0,66.0,39.0,320.0,320.0,10.1,12.1,,,,
2019-01-26,50.0,10247.0,10230.0,83.0,1.8,,0.0,64.0,43.0,82.0,65.0,38.0,300.0,300.0,8.1,10.1,,,,
2019-01-27,67.0,10213.0,10193.0,94.0,2.2,,0.0,66.0,50.0,83.0,66.0,43.0,330.0,310.0,8.9,11.0,,,,
2019-01-28,83.0,10169.0,10152.0,111.0,2.9,,0.0,71.0,50.0,87.0,65.0,49.0,340.0,330.0,8.9,11.0,,,,
2019-01-29,106.0,10152.0,10135.0,117.0,4.3,,0.01,86.0,70.0,96.0,64.0,48.0,320.0,310.0,13.0,14.1,1.0,,,
2019-01-30,100.0,10125.0,10112.0,117.0,3.4,,0.0,80.0,59.0,97.0,66.0,51.0,320.0,,10.1,,1.0,,,
2019-01-31,106.0,10122.0,10102.0,117.0,4.0,,0.24,82.0,65.0,97.0,63.0,50.0,200.0,210.0,15.0,19.0,1.0,,,1.0
2019-02-01,94.0,10088.0,10064.0,111.0,13.9,,0.06,80.0,62.0,93.0,59.0,52.0,150.0,140.0,29.1,36.9,,,,
2019-02-02,89.0,9986.0,9963.0,100.0,17.7,,0.91,82.0,60.0,93.0,59.0,50.0,150.0,160.0,31.1,38.9,1.0,,,
2019-02-03,83.0,10041.0,10020.0,100.0,9.6,,0.15,80.0,62.0,93.0,59.0,48.0,130.0,260.0,23.0,34.0,1.0,,,1.0
2019-02-04,56.0,10041.0,10020.0,78.0,7.4,,0.85,79.0,54.0,100.0,56.0,42.0,290.0,190.0,19.9,27.1,1.0,,,1.0
2019-02-05,17.0,10129.0,10112.0,44.0,5.4,,0.04,76.0,44.0,100.0,50.0,37.0,320.0,320.0,18.1,21.0,1.0,,1.0,
2019-02-06,17.0,10220.0,10203.0,44.0,4.9,,0.0,72.0,47.0,100.0,55.0,34.0,330.0,350.0,16.1,21.0,,,,
2019-02-07,22.0,10244.0,10224.0,56.0,5.1,,0.0,71.0,35.0,100.0,57.0,35.0,320.0,150.0,14.1,17.0,,,,
2019-02-08,56.0,10169.0,10149.0,72.0,8.3,,0.25,81.0,57.0,100.0,53.0,42.0,150.0,130.0,18.1,21.0,1.0,,,
2019-02-09,61.0,10135.0,10115.0,78.0,7.6,,0.32,82.0,53.0,100.0,56.0,36.0,250.0,250.0,16.1,19.9,1.0,,,
2019-02-10,28.0,10169.0,10152.0,56.0,7.4,,0.32,73.0,39.0,97.0,51.0,39.0,330.0,340.0,21.0,27.1,1.0,,,
2019-02-11,28.0,10227.0,10207.0,50.0,4.9,,0.0,77.0,45.0,100.0,55.0,35.0,340.0,330.0,13.0,15.0,,,,
2019-02-12,22.0,10149.0,10129.0,56.0,7.6,,0.0,66.0,42.0,100.0,55.0,37.0,150.0,150.0,25.1,31.1,,,,
2019-02-13,100.0,10020.0,10003.0,117.0,19.7,,0.52,84.0,55.0,97.0,63.0,42.0,150.0,150.0,32.0,42.9,1.0,,,
2019-02-14,100.0,10027.0,10000.0,111.0,9.6,,0.99,83.0,66.0,96.0,62.0,48.0,190.0,200.0,25.1,40.0,1.0,,,1.0
2019-02-15,61.0,10163.0,10146.0,72.0,6.5,,0.33,83.0,66.0,97.0,53.0,42.0,270.0,270.0,23.9,29.1,1.0,,,
2019-02-16,56.0,10213.0,10196.0,72.0,7.8,,0.29,83.0,66.0,100.0,53.0,42.0,330.0,340.0,31.1,40.9,1.0,,,
2019-02-17,39.0,10176.0,10156.0,61.0,8.5,,0.26,78.0,50.0,100.0,53.0,39.0,330.0,340.0,21.9,30.0,1.0,,,
2019-02-18,-6.0,10227.0,10207.0,39.0,5.8,,0.0,63.0,30.0,97.0,55.0,34.0,340.0,350.0,16.1,21.9,,,,
2019-02-19,0.0,10224.0,10203.0,44.0,5.6,,0.0,62.0,35.0,82.0,56.0,33.0,330.0,340.0,15.0,18.1,,,,
2019-02-20,50.0,10125.0,10108.0,78.0,13.0,,0.0,71.0,59.0,83.0,56.0,45.0,300.0,290.0,23.0,28.0,,,,
2019-02-21,-6.0,10081.0,10061.0,50.0,13.0,,0.0,55.0,30.0,86.0,56.0,40.0,330.0,340.0,23.0,30.0,,,,
2019-02-22,-39.0,10196.0,10179.0,33.0,5.8,,0.0,45.0,23.0,70.0,56.0,35.0,340.0,340.0,19.9,23.0,,,,
2019-02-23,22.0,10257.0,10240.0,56.0,4.7,,0.0,69.0,33.0,86.0,58.0,33.0,320.0,320.0,14.1,17.0,,,,
2019-02-24,56.0,10224.0,10200.0,83.0,4.3,,0.0,75.0,56.0,93.0,60.0,43.0,330.0,330.0,17.0,19.9,,,,
2019-02-25,72.0,10163.0,10146.0,94.0,10.7,,0.0,75.0,69.0,86.0,57.0,47.0,190.0,160.0,23.0,31.1,,,,
2019-02-26,83.0,10135.0,10115.0,106.0,15.7,,0.05,73.0,62.0,86.0,60.0,52.0,140.0,150.0,23.9,33.1,1.0,,,
2019-02-27,111.0,10152.0,10135.0,122.0,12.8,,0.21,88.0,73.0,100.0,64.0,51.0,140.0,140.0,28.0,38.9,1.0,,,
2019-02-28,72.0,10203.0,10186.0,94.0,5.6,,0.06,79.0,62.0,100.0,59.0,48.0,330.0,330.0,16.1,19.0,1.0,,,
2019-03-01,67.0,10173.0,10152.0,89.0,1.3,,0.0,75.0,56.0,90.0,59.0,44.0,310.0,310.0,8.9,8.9,,,,
2019-03-02,128.0,10105.0,10085.0,133.0,8.3,,0.57,90.0,73.0,100.0,65.0,51.0,160.0,160.0,14.1,14.1,1.0,,,1.0
2019-03-03,106.0,10173.0,10152.0,117.0,5.4,,0.08,88.0,69.0,100.0,63.0,51.0,330.0,310.0,17.0,21.9,1.0,,,
2019-03-04,83.0,10190.0,10169.0,100.0,4.7,,0.0,79.0,65.0,93.0,58.0,49.0,320.0,350.0,13.0,16.1,,,,
2019-03-05,100.0,10105.0,10085.0,111.0,9.6,,0.12,84.0,69.0,96.0,59.0,50.0,130.0,130.0,25.9,35.1,1.0,,,
2020-01-01,78.0,10207.0,10190.0,94.0,6.5,,0.0,85.0,71.0,93.0,60.0,42.0,340.0,360.0,16.1,19.9,,,,
2020-01-02,72.0,10203.0,10190.0,94.0,4.5,,0.0,74.0,50.0,90.0,61.0,45.0,330.0,330.0,14.1,17.0,1.0,,,1.0
2020-01-03,50.0,10230.0,10213.0,78.0,2.5,,0.0,70.0,38.0,86.0,68.0,41.0,150.0,150.0,13.0,15.0,,,,
2020-01-04,78.0,10288.0,10271.0,94.0,7.4,,0.0,78.0,67.0,86.0,61.0,45.0,320.0,310.0,18.1,21.0,,,,
2020-01-05,56.0,10339.0,10318.0,78.0,5.6,,0.0,75.0,50.0,89.0,58.0,40.0,330.0,330.0,14.1,17.0,,,,
2020-01-06,39.0,10308.0,10291.0,67.0,4.7,,0.0,69.0,37.0,93.0,62.0,39.0,330.0,320.0,16.1,21.0,1.0,,,
2020-01-07,39.0,10227.0,10207.0,67.0,4.5,,0.0,73.0,53.0,86.0,58.0,37.0,340.0,330.0,18.1,23.0,,,,
2020-01-08,67.0,10200.0,10183.0,89.0,5.1,,0.0,77.0,64.0,93.0,57.0,46.0,330.0,320.0,15.0,19.0,,,,
2020-01-09,61.0,10186.0,10173.0,78.0,8.7,,0.07,77.0,65.0,90.0,57.0,43.0,340.0,350.0,21.9,25.9,1.0,,,
2020-01-10,39.0,10257.0,10240.0,67.0,3.8,,0.0,74.0,42.0,93.0,61.0,37.0,330.0,330.0,15.0,18.1,,,,
2020-01-11,56.0,10247.0,10227.0,78.0,5.8,,0.01,77.0,58.0,90.0,57.0,42.0,320.0,320.0,18.1,23.0,1.0,,,
2020-01-12,39.0,10227.0,10210.0,61.0,4.0,,0.0,76.0,57.0,89.0,55.0,37.0,320.0,320.0,14.1,16.1,,,,
2020-01-13,61.0,10224.0,10207.0,83.0,3.8,,0.03,78.0,62.0,97.0,57.0,40.0,150.0,150.0,14.1,17.0,1.0,,,
2020-01-14,50.0,10230.0,10213.0,72.0,5.8,,0.07,74.0,57.0,90.0,55.0,40.0,330.0,150.0,15.0,19.0,1.0,,,
2020-01-15,28.0,10176.0,10156.0,50.0,3.8,,0.0,75.0,59.0,89.0,54.0,35.0,150.0,150.0,13.0,16.1,,,,
2020-01-16,44.0,10125.0,10108.0,61.0,11.9,,0.49,79.0,63.0,93.0,50.0,42.0,120.0,120.0,33.1,44.1,1.0,,,
2020-01-17,33.0,10254.0,10234.0,56.0,3.8,,0.01,76.0,49.0,97.0,56.0,38.0,310.0,320.0,10.1,13.0,1.0,,,
2020-01-18,33.0,10261.0,10244.0,56.0,1.3,,0.0,76.0,49.0,89.0,56.0,39.0,290.0,290.0,8.9,10.1,,,,
2020-01-19,33.0,10200.0,10179.0,56.0,2.5,,0.0,74.0,55.0,86.0,54.0,37.0,240.0,30.0,8.1,12.1,,,,
2020-01-20,61.0,10169.0,10152.0,83.0,3.4,,0.0,78.0,62.0,86.0,58.0,44.0,220.0,220.0,14.1,17.0,,,,
2020-01-21,83.0,10203.0,10186.0,100.0,8.5,,0.0,76.0,65.0,86.0,60.0,46.0,150.0,,13.0,,,,,
2020-01-22,100.0,10237.0,10217.0,111.0,2.5,,0.0,81.0,63.0,93.0,63.0,48.0,330.0,360.0,8.1,10.1,1.0,,,
2020-01-23,83.0,10224.0,10207.0,100.0,2.2,,0.0,82.0,65.0,93.0,63.0,45.0,330.0,330.0,8.9,11.0,,,,
2020-01-24,94.0,10213.0,10196.0,111.0,4.0,,0.0,83.0,63.0,100.0,65.0,45.0,320.0,340.0,12.1,14.1,1.0,1.0,,
2020-01-25,117.0,10203.0,10183.0,128.0,4.0,,0.0,83.0,66.0,97.0,66.0,52.0,340.0,350.0,8.9,12.1,1.0,,,1.0
2020-01-26,100.0,10237.0,10220.0,117.0,6.0,,0.11,80.0,64.0,93.0,62.0,48.0,320.0,330.0,17.0,21.9,1.0,,,1.0
2020-01-27,78.0,10288.0,10268.0,94.0,4.0,,0.0,79.0,67.0,90.0,61.0,42.0,330.0,340.0,15.0,18.1,,,,
2020-01-28,83.0,10271.0,10254.0,106.0,4.5,,0.01,79.0,67.0,89.0,62.0,48.0,330.0,330.0,12.1,19.9,1.0,,,
2020-01-29,,,,,7.4,,0.0,77.0,58.0,93.0,62.0,,340.0,310.0,16.1,21.0,,,,
2020-01-30,100.0,10244.0,10224.0,111.0,3.4,,0.0,86.0,70.0,100.0,63.0,43.0,330.0,330.0,15.0,18.1,1.0,,,
2020-01-31,89.0,10261.0,10240.0,111.0,2.0,,0.0,78.0,51.0,100.0,69.0,44.0,320.0,320.0,12.1,13.0,1.0,1.0,,
2020-02-01,89.0,10244.0,10224.0,106.0,2.2,,0.0,82.0,56.0,96.0,67.0,43.0,340.0,330.0,12.1,13.0,1.0,,,
2020-02-02,44.0,10200.0,10183.0,78.0,14.1,,0.0,66.0,41.0,97.0,57.0,42.0,310.0,310.0,32.0,36.9,1.0,,,
2020-02-03,-50.0,10207.0,10190.0,28.0,7.2,,0.0,45.0,18.0,76.0,56.0,37.0,330.0,330.0,21.9,27.1,,,,
2020-02-04,-56.0,10244.0,10224.0,28.0,8.1,,0.0,39.0,24.0,63.0,56.0,35.0,350.0,10.0,19.9,23.9,,,,
2020-02-05,-6.0,10237.0,10220.0,50.0,4.3,,0.0,55.0,26.0,90.0,62.0,36.0,320.0,340.0,13.0,17.0,,,,
2020-02-06,44.0,10210.0,10190.0,78.0,3.1,,0.0,63.0,41.0,79.0,68.0,40.0,330.0,350.0,13.0,19.0,,,,
2020-02-07,61.0,10203.0,10183.0,89.0,3.6,,0.0,73.0,44.0,93.0,68.0,40.0,330.0,330.0,13.0,14.1,,,,
2020-02-08,67.0,10176.0,10159.0,89.0,4.7,,0.0,77.0,53.0,93.0,60.0,46.0,330.0,330.0,16.1,19.9,1.0,,,1.0
2020-02-09,-28.0,10156.0,10135.0,61.0,13.2,,0.0,38.0,23.0,85.0,63.0,41.0,20.0,20.0,30.0,46.1,,,,
2020-02-10,-33.0,10163.0,10146.0,72.0,7.4,,0.0,31.0,17.0,50.0,72.0,47.0,320.0,310.0,25.9,33.1,,,,
2020-02-11,-17.0,10173.0,10152.0,78.0,6.3,,0.0,32.0,19.0,54.0,73.0,46.0,310.0,330.0,18.1,23.9,,,,
2020-02-12,28.0,10169.0,10152.0,83.0,4.9,,0.0,54.0,30.0,74.0,70.0,44.0,330.0,310.0,14.1,16.1,,,,
2020-02-13,67.0,10186.0,10166.0,89.0,6.9,,0.0,76.0,58.0,90.0,61.0,44.0,340.0,330.0,15.0,19.0,,,,
2020-02-14,67.0,10193.0,10176.0,94.0,3.4,,0.0,71.0,50.0,86.0,64.0,48.0,320.0,340.0,10.1,14.1,,,,
2020-02-15,61.0,10227.0,10207.0,89.0,4.7,,0.0,70.0,49.0,89.0,66.0,40.0,330.0,340.0,16.1,19.9,,,,
2020-02-16,72.0,10230.0,10213.0,94.0,5.8,,0.0,75.0,54.0,89.0,62.0,43.0,330.0,320.0,17.0,21.0,,,,
2020-02-17,44.0,10183.0,10169.0,94.0,5.6,,0.0,58.0,21.0,100.0,71.0,47.0,310.0,320.0,18.1,21.9,1.0,1.0,,1.0
2020-02-18,0.0,10169.0,10152.0,72.0,4.5,,0.0,45.0,18.0,66.0,69.0,45.0,320.0,320.0,13.0,16.1,,,,
2020-02-19,28.0,10190.0,10173.0,72.0,3.4,,0.0,59.0,30.0,77.0,67.0,39.0,340.0,330.0,12.1,14.1,,,,
2020-02-20,33.0,10193.0,10176.0,83.0,3.8,,0.0,54.0,31.0,76.0,69.0,41.0,330.0,320.0,13.0,14.1,,,,
2020-02-21,44.0,10169.0,10149.0,94.0,2.0,,0.0,54.0,36.0,77.0,67.0,45.0,320.0,330.0,16.1,18.1,,,,
2020-02-22,67.0,10169.0,10152.0,106.0,8.7,,0.0,62.0,49.0,80.0,67.0,49.0,350.0,,17.0,,,,,
2020-02-23,67.0,10268.0,10247.0,94.0,4.7,,0.0,73.0,58.0,89.0,61.0,45.0,350.0,350.0,13.0,16.1,,,,
2020-02-24,67.0,10271.0,10251.0,100.0,4.9,,0.0,67.0,32.0,93.0,70.0,44.0,320.0,10.0,15.0,19.0,1.0,,,
2020-02-25,17.0,10244.0,10227.0,89.0,5.6,,0.0,43.0,16.0,80.0,77.0,43.0,310.0,340.0,18.1,23.9,,,,
2020-02-26,33.0,10254.0,10234.0,100.0,3.8,,0.0,44.0,23.0,60.0,77.0,46.0,340.0,340.0,14.1,19.0,,,,
2020-02-27,56.0,10224.0,10207.0,106.0,3.4,,0.0,51.0,22.0,71.0,79.0,46.0,330.0,10.0,10.1,13.0,,,,
2020-02-28,78.0,10193.0,10176.0,117.0,5.4,,0.0,60.0,32.0,86.0,76.0,49.0,310.0,360.0,16.1,19.9,,,,
2020-02-29,56.0,10179.0,10163.0,89.0,6.9,,0.0,64.0,38.0,83.0,62.0,48.0,330.0,350.0,23.0,30.0,,,,
2020-03-01,6.0,10152.0,10135.0,61.0,6.7,,0.0,52.0,28.0,76.0,60.0,40.0,350.0,310.0,18.1,23.9,,,,
2020-03-02,-56.0,10166.0,10149.0,67.0,10.3,,0.0,25.0,10.0,46.0,73.0,43.0,350.0,350.0,23.0,31.1,,,,
2020-03-03,33.0,10159.0,10142.0,100.0,5.8,,0.0,43.0,27.0,60.0,76.0,46.0,300.0,340.0,15.0,21.0,,,,
2020-03-04,67.0,10176.0,10159.0,111.0,4.5,,0.0,54.0,29.0,72.0,78.0,48.0,330.0,330.0,13.0,15.0,,,,
2020-03-05,89.0,10196.0,10179.0,111.0,6.9,,0.0,73.0,54.0,89.0,67.0,48.0,320.0,330.0,17.0,21.0,,,,
2020-03-06,72.0,10152.0,10132.0,106.0,7.2,,0.0,,,,,,,,,,,,,
2021-01-01,39.0,10217.0,10196.0,67.0,2.9,,0.0,72.0,32.0,89.0,63.0,39.0,310.0,340.0,15.0,19.0,1.0,,,1.0
2021-01-02,67.0,10240.0,10224.0,89.0,5.6,,0.0,72.0,53.0,89.0,58.0,47.0,150.0,150.0,13.0,16.1,,,,
2021-01-03,83.0,10234.0,10217.0,100.0,2.2,,0.0,81.0,69.0,89.0,57.0,50.0,360.0,10.0,8.9,14.1,1.0,,,1.0
2021-01-04,78.0,10213.0,10196.0,106.0,8.7,,0.01,74.0,62.0,89.0,61.0,45.0,150.0,150.0,21.9,27.1,1.0,,,1.0
2021-01-05,56.0,10247.0,10230.0,72.0,2.9,,0.0,79.0,57.0,93.0,57.0,41.0,320.0,320.0,17.0,19.9,1.0,,,
2021-01-06,33.0,10234.0,10217.0,61.0,3.4,,0.0,71.0,46.0,89.0,62.0,36.0,120.0,120.0,13.0,15.0,1.0,,,
2021-01-07,61.0,10230.0,10210.0,83.0,2.2,,0.0,81.0,60.0,97.0,60.0,40.0,190.0,20.0,6.9,11.0,1.0,1.0,,1.0
2021-01-08,67.0,10247.0,10230.0,89.0,5.4,,0.0,76.0,53.0,90.0,61.0,46.0,340.0,330.0,14.1,16.1,1.0,,,
2021-01-09,28.0,10244.0,10227.0,67.0,3.4,,0.0,64.0,32.0,93.0,62.0,39.0,340.0,330.0,13.0,16.1,1.0,,,
2021-01-10,33.0,10247.0,10230.0,67.0,3.1,,0.0,66.0,38.0,86.0,63.0,37.0,320.0,320.0,14.1,16.1,,,,
2021-01-11,56.0,10240.0,10224.0,78.0,4.5,,0.0,75.0,50.0,93.0,63.0,40.0,330.0,330.0,13.0,15.0,1.0,,,1.0
2021-01-12,67.0,,,94.0,2.9,,0.0,71.0,52.0,90.0,63.0,45.0,340.0,350.0,8.9,12.1,,,,
2021-01-13,89.0,10278.0,10257.0,111.0,3.4,,0.0,76.0,55.0,90.0,70.0,44.0,330.0,340.0,12.1,13.0,1.0,,,1.0
2021-01-14,83.0,10264.0,10247.0,111.0,4.0,,0.0,74.0,42.0,97.0,71.0,45.0,300.0,320.0,15.0,19.9,1.0,,,
2021-01-15,72.0,10251.0,10234.0,100.0,3.6,,0.0,72.0,44.0,93.0,69.0,42.0,320.0,320.0,12.1,14.1,,,,
2021-01-16,78.0,10213.0,10196.0,106.0,2.7,,0.0,70.0,41.0,89.0,71.0,45.0,320.0,310.0,12.1,14.1,1.0,,,1.0
2021-01-17,50.0,10183.0,10163.0,100.0,2.5,,0.0,58.0,21.0,93.0,78.0,44.0,310.0,300.0,13.0,15.0,,,,
2021-01-18,-61.0,10132.0,10112.0,83.0,10.5,,0.0,20.0,8.0,64.0,78.0,51.0,320.0,20.0,23.0,31.1,,,,
2021-01-19,-83.0,10142.0,10125.0,56.0,12.3,,0.0,20.0,13.0,35.0,68.0,49.0,340.0,10.0,29.1,40.0,,,,
2021-01-20,-44.0,10190.0,10169.0,50.0,3.4,,0.0,35.0,17.0,51.0,69.0,40.0,340.0,360.0,12.1,13.0,,,,
2021-01-21,0.0,10173.0,10152.0,56.0,4.0,,0.0,53.0,23.0,80.0,65.0,38.0,320.0,340.0,13.0,14.1,,,,
2021-01-22,56.0,10129.0,10108.0,78.0,5.1,,0.22,79.0,69.0,93.0,52.0,45.0,270.0,280.0,14.1,18.1,1.0,,,
2021-01-23,44.0,10142.0,10125.0,67.0,5.4,,0.0,76.0,53.0,93.0,56.0,40.0,310.0,310.0,17.0,21.9,1.0,,,
2021-01-24,33.0,10129.0,10112.0,56.0,6.5,,0.15,78.0,50.0,89.0,52.0,37.0,300.0,320.0,21.9,30.0,1.0,,,1.0
2021-01-25,6.0,10105.0,10088.0,50.0,15.0,,0.0,58.0,44.0,68.0,53.0,44.0,300.0,290.0,28.0,38.0,,,,
2021-01-26,11.0,10125.0,10102.0,39.0,13.6,,0.13,70.0,46.0,89.0,52.0,32.0,140.0,140.0,40.0,51.0,1.0,,,
2021-01-27,67.0,10075.0,10054.0,78.0,18.3,,0.73,83.0,75.0,90.0,52.0,46.0,130.0,130.0,36.9,47.0,1.0,,,
2021-01-28,78.0,10075.0,10058.0,89.0,9.4,,1.31,87.0,80.0,93.0,51.0,46.0,140.0,130.0,25.1,32.0,1.0,,,1.0
2021-01-29,44.0,10135.0,10122.0,72.0,4.5,,0.28,75.0,53.0,93.0,56.0,41.0,340.0,340.0,12.1,14.1,,,,
2021-01-30,39.0,10213.0,10196.0,78.0,4.3,,0.0,63.0,38.0,86.0,62.0,41.0,230.0,220.0,14.1,17.0,,,,
2021-01-31,33.0,10203.0,10183.0,89.0,4.7,,0.0,52.0,29.0,71.0,66.0,47.0,140.0,140.0,15.0,18.1,,,,
2021-02-01,61.0,10166.0,10146.0,100.0,8.9,,0.0,63.0,43.0,83.0,64.0,46.0,220.0,210.0,23.0,29.1,,,,
2021-02-02,78.0,10196.0,10179.0,100.0,7.6,,0.05,75.0,60.0,89.0,61.0,46.0,340.0,350.0,15.0,18.1,1.0,,,1.0
2021-02-03,44.0,10237.0,10220.0,72.0,5.4,,0.0,69.0,48.0,89.0,59.0,41.0,310.0,330.0,14.1,17.0,1.0,,,
2021-02-04,11.0,10240.0,10224.0,67.0,5.6,,0.0,52.0,28.0,83.0,61.0,44.0,30.0,40.0,16.1,21.0,,,,
2021-02-05,28.0,10220.0,10200.0,72.0,4.3,,0.0,59.0,27.0,86.0,70.0,39.0,320.0,290.0,15.0,18.1,,,,
2021-02-06,33.0,10186.0,10169.0,78.0,3.1,,0.0,61.0,23.0,86.0,71.0,40.0,320.0,300.0,14.1,17.0,,,,
2021-02-07,44.0,10152.0,10132.0,78.0,3.6,,0.0,63.0,37.0,76.0,68.0,39.0,320.0,360.0,10.1,15.0,,,,
2021-02-08,56.0,10149.0,10132.0,78.0,3.6,,0.0,75.0,52.0,97.0,61.0,39.0,140.0,10.0,10.1,14.1,1.0,1.0,,1.0
2021-02-09,72.0,10169.0,10152.0,100.0,3.1,,0.0,73.0,48.0,86.0,63.0,49.0,340.0,340.0,12.1,16.1,,,,
2021-02-10,67.0,10193.0,10173.0,94.0,4.9,,0.0,72.0,50.0,90.0,63.0,44.0,330.0,340.0,15.0,17.0,,,,
2021-02-11,67.0,10176.0,10156.0,89.0,4.5,,0.17,74.0,47.0,87.0,61.0,43.0,330.0,300.0,21.9,25.9,1.0,,,1.0
2021-02-12,72.0,10176.0,10163.0,94.0,9.6,,0.0,72.0,52.0,83.0,61.0,48.0,340.0,340.0,19.9,23.0,,,,
2021-02-13,67.0,10173.0,10156.0,94.0,9.8,,0.02,71.0,50.0,90.0,61.0,48.0,330.0,310.0,25.9,31.1,1.0,,,
2021-02-14,44.0,10193.0,10176.0,78.0,4.9,,0.0,66.0,47.0,83.0,57.0,41.0,290.0,290.0,13.0,14.1,,,,
2021-02-15,89.0,,,106.0,9.2,,0.01,80.0,64.0,92.0,62.0,50.0,330.0,320.0,23.0,28.0,1.0,,,
2021-02-16,50.0,10213.0,10196.0,78.0,7.4,,0.0,71.0,53.0,86.0,57.0,42.0,330.0,320.0,17.0,21.9,,,,
2021-02-17,17.0,10227.0,10207.0,61.0,5.8,,0.0,58.0,25.0,89.0,64.0,39.0,310.0,300.0,21.9,25.9,,,,
2021-02-18,-17.0,10268.0,10251.0,61.0,4.9,,0.0,43.0,14.0,73.0,68.0,37.0,330.0,340.0,14.1,16.1,,,,
2021-02-19,44.0,10261.0,10240.0,89.0,8.5,,0.0,59.0,39.0,77.0,66.0,49.0,320.0,320.0,18.1,21.9,,,,1.0
2021-02-20,50.0,10278.0,10257.0,83.0,10.1,,0.07,67.0,44.0,83.0,60.0,46.0,320.0,320.0,21.0,25.9,1.0,,,
2021-02-21,28.0,10298.0,10281.0,72.0,4.5,,0.0,58.0,30.0,85.0,64.0,39.0,310.0,320.0,15.0,21.0,,,,
2021-02-22,33.0,10247.0,10227.0,89.0,3.6,,0.0,53.0,25.0,71.0,72.0,43.0,320.0,350.0,12.1,14.1,,,,
2021-02-23,22.0,10200.0,10179.0,94.0,4.9,,0.0,49.0,12.0,77.0,79.0,45.0,320.0,330.0,18.1,23.0,,,,
2021-02-24,-44.0,10220.0,10200.0,67.0,6.3,,0.0,35.0,7.0,77.0,72.0,43.0,10.0,10.0,17.0,25.1,,,,
2021-02-25,-61.0,10237.0,10217.0,61.0,8.5,,0.0,30.0,13.0,83.0,68.0,46.0,340.0,330.0,25.9,32.0,,,,
2021-02-26,28.0,10213.0,10193.0,72.0,6.7,,0.0,59.0,37.0,71.0,63.0,40.0,340.0,330.0,21.0,25.1,,,,
2021-02-27,17.0,10210.0,10193.0,67.0,8.9,,0.0,54.0,28.0,74.0,63.0,42.0,310.0,320.0,21.9,25.9,,,,
2021-02-28,-6.0,10217.0,10200.0,67.0,5.8,1027.0,0.0,45.0,18.0,82.0,68.0,40.0,330.0,310.0,18.1,21.9,,,,
2021-03-01,-50.0,10190.0,10169.0,61.0,6.7,,0.0,30.0,14.0,56.0,70.0,43.0,220.0,210.0,16.1,27.1,,,,
2021-03-02,6.0,10129.0,10108.0,72.0,4.9,,0.0,48.0,21.0,75.0,67.0,40.0,330.0,320.0,14.1,19.0,,,,
2021-03-03,39.0,10105.0,10088.0,83.0,5.1,,0.0,56.0,30.0,74.0,70.0,46.0,200.0,210.0,17.0,25.1,,,,
2021-03-04,44.0,10230.0,10213.0,83.0,7.4,,0.0,60.0,40.0,83.0,67.0,42.0,330.0,350.0,15.0,18.1,,,,
2021-03-05,56.0,10200.0,10183.0,94.0,8.1,,0.18,62.0,37.0,89.0,67.0,42.0,320.0,320.0,23.9,30.0,1.0,,,
2021-03-06,50.0,10207.0,,,,,,,,,,,,,,,,,,
2022-01-01,-6.0,10224.0,10207.0,33.0,2.2,,0.0,66.0,31.0,93.0,56.0,33.0,290.0,270.0,8.9,12.1,1.0,,,1.0
2022-01-02,11.0,10244.0,10224.0,44.0,3.1,,0.0,68.0,38.0,89.0,60.0,32.0,310.0,220.0,14.1,19.0,,,,
2022-01-03,67.0,10234.0,10217.0,83.0,9.2,,0.0,77.0,67.0,85.0,56.0,44.0,150.0,130.0,16.1,19.9,,,,
2022-01-04,100.0,10261.0,10247.0,111.0,4.7,,0.0,84.0,67.0,93.0,63.0,48.0,330.0,330.0,12.1,14.1,1.0,,,
2022-01-05,106.0,10247.0,10230.0,117.0,4.0,,0.0,84.0,68.0,93.0,64.0,50.0,310.0,310.0,13.0,15.0,,,,
2022-01-06,106.0,10179.0,10159.0,117.0,3.8,,0.0,85.0,75.0,93.0,60.0,52.0,300.0,300.0,12.1,13.0,1.0,,,
2022-01-07,89.0,10152.0,10135.0,106.0,5.8,,0.0,82.0,69.0,93.0,59.0,49.0,340.0,330.0,15.0,21.0,,,,1.0
2022-01-08,72.0,10203.0,10186.0,89.0,3.4,,0.0,80.0,65.0,89.0,59.0,43.0,310.0,310.0,8.9,11.0,,,,
2022-01-09,50.0,10254.0,10234.0,72.0,2.2,,0.0,76.0,44.0,93.0,63.0,38.0,300.0,300.0,8.9,11.0,1.0,,,
2022-01-10,67.0,10291.0,10274.0,89.0,2.7,,0.0,75.0,45.0,93.0,66.0,42.0,320.0,350.0,10.1,14.1,,,,
2022-01-11,50.0,10274.0,10257.0,83.0,2.0,,0.0,69.0,40.0,89.0,66.0,41.0,320.0,320.0,12.1,13.0,1.0,,,1.0
2022-01-12,56.0,10244.0,10224.0,83.0,2.2,,0.0,69.0,39.0,86.0,66.0,40.0,330.0,330.0,8.1,10.1,,,,
2022-01-13,78.0,10240.0,10224.0,94.0,2.9,,0.0,80.0,60.0,90.0,63.0,45.0,330.0,320.0,10.1,12.1,1.0,,,1.0
2022-01-14,56.0,10220.0,10200.0,89.0,3.8,,0.0,70.0,42.0,100.0,66.0,43.0,320.0,320.0,15.0,18.1,1.0,1.0,,
2022-01-15,56.0,10220.0,10207.0,83.0,1.6,,0.0,67.0,40.0,86.0,68.0,40.0,320.0,200.0,6.9,8.1,1.0,,,1.0
2022-01-16,72.0,10193.0,10173.0,100.0,2.2,,0.0,67.0,51.0,86.0,65.0,48.0,320.0,360.0,6.9,10.1,,,,
2022-01-17,72.0,10176.0,10156.0,94.0,1.8,,0.0,74.0,48.0,89.0,64.0,42.0,330.0,360.0,10.1,13.0,,,,1.0
2022-01-18,72.0,10203.0,10190.0,83.0,2.9,,0.0,84.0,67.0,93.0,59.0,42.0,340.0,340.0,12.1,14.1,1.0,1.0,,1.0
2022-01-19,78.0,10237.0,10220.0,94.0,2.9,,0.0,80.0,56.0,90.0,63.0,46.0,330.0,320.0,10.1,12.1,1.0,,,1.0
2022-01-20,67.0,10254.0,10237.0,89.0,1.6,,0.0,74.0,49.0,89.0,67.0,41.0,320.0,320.0,12.1,14.1,,,,
2022-01-21,11.0,10210.0,10190.0,78.0,6.3,,0.0,49.0,25.0,89.0,68.0,42.0,350.0,10.0,21.9,30.0,,,,
2022-01-22,-11.0,10196.0,10179.0,72.0,6.7,,0.0,38.0,22.0,63.0,68.0,45.0,350.0,10.0,19.9,31.1,,,,
2022-01-23,28.0,10237.0,10220.0,67.0,3.6,,0.0,59.0,33.0,77.0,66.0,37.0,310.0,330.0,8.1,12.1,,,,
2022-01-24,44.0,10207.0,10186.0,78.0,4.0,,0.0,71.0,37.0,90.0,65.0,35.0,330.0,320.0,14.1,17.0,1.0,,,1.0
2022-01-25,56.0,10176.0,10159.0,78.0,2.9,,0.0,80.0,48.0,89.0,63.0,38.0,330.0,330.0,14.1,17.0,1.0,,,1.0
2022-01-26,61.0,10203.0,10186.0,78.0,2.7,,0.0,79.0,50.0,100.0,62.0,42.0,340.0,330.0,8.1,10.1,1.0,1.0,,1.0
2022-01-27,33.0,10234.0,10213.0,72.0,3.6,,0.0,63.0,27.0,86.0,68.0,37.0,310.0,320.0,10.1,13.0,1.0,,,1.0
2022-01-28,28.0,10247.0,10230.0,72.0,2.0,,0.0,61.0,29.0,79.0,68.0,38.0,330.0,320.0,8.9,10.1,,,,
2022-01-29,39.0,10227.0,10213.0,72.0,2.2,,0.0,66.0,39.0,85.0,65.0,40.0,340.0,330.0,8.1,11.0,,,,1.0
2022-01-30,44.0,10234.0,10213.0,67.0,4.7,,0.0,75.0,46.0,89.0,63.0,34.0,320.0,20.0,12.1,17.0,,,,1.0
2022-01-31,61.0,10213.0,10193.0,78.0,2.7,,0.0,81.0,65.0,97.0,57.0,40.0,320.0,350.0,10.1,13.0,1.0,1.0,,1.0
2022-02-01,-28.0,10173.0,10156.0,50.0,7.4,,0.0,50.0,17.0,97.0,62.0,36.0,350.0,10.0,25.1,32.0,1.0,1.0,,1.0
2022-02-02,-56.0,10210.0,10193.0,44.0,8.1,,0.0,31.0,17.0,49.0,63.0,42.0,350.0,10.0,21.0,31.1,,,,
2022-02-03,0.0,10240.0,10220.0,56.0,4.7,,0.0,53.0,27.0,86.0,65.0,36.0,320.0,330.0,14.1,19.0,,,,
2022-02-04,28.0,10288.0,10271.0,67.0,2.7,,0.0,60.0,33.0,83.0,66.0,37.0,320.0,320.0,13.0,16.1,,,,
2022-02-05,22.0,10257.0,10240.0,67.0,2.5,,0.0,61.0,36.0,83.0,65.0,37.0,340.0,330.0,12.1,14.1,,,,
2022-02-06,28.0,10244.0,10230.0,72.0,2.5,,0.0,61.0,33.0,79.0,68.0,36.0,320.0,320.0,8.1,11.0,,,,
2022-02-07,44.0,10261.0,10244.0,78.0,2.0,,0.0,65.0,40.0,93.0,69.0,38.0,330.0,360.0,8.1,10.1,1.0,,,1.0
2022-02-08,33.0,10244.0,10224.0,83.0,3.8,,0.0,56.0,26.0,86.0,74.0,38.0,340.0,320.0,10.1,13.0,,,,1.0
2022-02-09,22.0,10220.0,10200.0,83.0,2.9,,0.0,49.0,22.0,76.0,77.0,41.0,330.0,310.0,8.9,13.0,,,,
2022-02-10,39.0,10203.0,10186.0,100.0,3.6,,0.0,50.0,26.0,74.0,79.0,41.0,320.0,300.0,14.1,19.0,,,,
2022-02-11,67.0,10179.0,10163.0,111.0,3.8,,0.0,56.0,32.0,77.0,79.0,45.0,340.0,340.0,15.0,19.0,,,,1.0
2022-02-12,67.0,10200.0,10179.0,111.0,2.0,,0.0,57.0,23.0,77.0,81.0,47.0,340.0,340.0,8.9,12.1,,,,
2022-02-13,72.0,10224.0,10203.0,111.0,2.9,,0.0,59.0,29.0,84.0,79.0,45.0,330.0,330.0,8.9,11.0,,,,
2022-02-14,83.0,10196.0,10179.0,100.0,7.4,,0.0,80.0,65.0,93.0,60.0,48.0,300.0,300.0,17.0,23.0,1.0,,,1.0
2022-02-15,22.0,10146.0,10129.0,72.0,11.9,,0.0,55.0,31.0,77.0,61.0,43.0,310.0,290.0,23.9,30.0,,,,
2022-02-16,22.0,10173.0,10152.0,83.0,8.5,,0.0,46.0,26.0,71.0,70.0,44.0,330.0,340.0,21.0,25.9,,,,
2022-02-17,-6.0,10247.0,10230.0,78.0,5.4,,0.0,38.0,23.0,64.0,69.0,46.0,320.0,360.0,13.0,19.9,,,,
2022-02-18,28.0,10240.0,10224.0,78.0,3.6,,0.0,55.0,28.0,74.0,70.0,39.0,340.0,340.0,12.1,14.1,,,,
2022-02-19,50.0,10196.0,10179.0,94.0,3.8,,0.0,58.0,37.0,80.0,72.0,41.0,330.0,320.0,12.1,15.0,,,,
2022-02-20,56.0,10152.0,10135.0,83.0,5.8,,0.0,71.0,54.0,89.0,63.0,42.0,330.0,360.0,16.1,19.9,1.0,,,1.0
2022-02-21,22.0,10159.0,10142.0,61.0,7.6,,0.0,63.0,40.0,83.0,58.0,37.0,330.0,300.0,21.0,27.1,,,,
2022-02-22,6.0,10146.0,10125.0,50.0,10.3,,0.01,60.0,34.0,80.0,54.0,40.0,280.0,320.0,21.0,29.1,,,,
2022-02-23,-28.0,10200.0,10179.0,33.0,5.8,,0.0,53.0,28.0,79.0,56.0,35.0,330.0,320.0,18.1,23.0,,,,
2022-02-24,-17.0,10254.0,10237.0,39.0,5.8,,0.0,56.0,15.0,77.0,60.0,33.0,340.0,320.0,18.1,21.9,,,,
2022-02-25,0.0,10251.0,10234.0,50.0,4.3,,0.0,59.0,21.0,86.0,63.0,34.0,340.0,350.0,15.0,19.9,,,,
2022-02-26,-6.0,10274.0,10257.0,56.0,3.1,,0.0,50.0,24.0,76.0,65.0,35.0,340.0,320.0,10.1,13.0,,,,
2022-02-27,17.0,10281.0,10261.0,78.0,4.0,,0.0,48.0,23.0,71.0,71.0,40.0,330.0,320.0,13.0,17.0,,,,
2022-02-28,39.0,10247.0,10230.0,89.0,3.8,,0.0,52.0,29.0,75.0,75.0,43.0,340.0,10.0,15.0,19.9,,,,
2022-03-01,56.0,10224.0,10200.0,100.0,4.5,,0.0,60.0,21.0,87.0,73.0,44.0,330.0,330.0,13.0,18.1,,,,
2022-03-02,72.0,10179.0,10163.0,106.0,5.1,,0.0,68.0,30.0,97.0,72.0,46.0,330.0,320.0,17.0,19.9,1.0,1.0,,1.0
2022-03-03,78.0,10125.0,10108.0,100.0,3.6,,0.0,77.0,62.0,83.0,59.0,47.0,340.0,10.0,10.1,16.1,,,,
2022-03-04,67.0,10156.0,10135.0,89.0,7.8,,0.04,73.0,49.0,89.0,59.0,45.0,300.0,310.0,25.9,38.0,1.0,,,1.0
2022-03-05,22.0,10196.0,10179.0,67.0,7.6,,,,,,,,,,,,,,,
2023-01-01,50.0,10112.0,10095.0,83.0,9.2,,0.04,68.0,42.0,86.0,60.0,46.0,300.0,290.0,18.1,23.9,,,,
2023-01-02,39.0,10112.0,10091.0,67.0,10.5,,0.0,69.0,54.0,80.0,52.0,44.0,130.0,140.0,28.0,36.9,,,,
2023-01-03,72.0,10146.0,10129.0,94.0,5.1,,0.0,74.0,60.0,83.0,59.0,48.0,220.0,230.0,16.1,21.9,,,,
2023-01-04,94.0,10075.0,10047.0,111.0,17.9,,0.59,78.0,58.0,90.0,61.0,48.0,150.0,160.0,35.1,49.0,1.0,,,
2023-01-05,89.0,10132.0,10119.0,106.0,9.2,,0.75,78.0,69.0,87.0,59.0,48.0,180.0,180.0,21.0,33.1,1.0,,,
2023-01-06,67.0,10227.0,10210.0,94.0,9.4,,0.0,69.0,54.0,83.0,61.0,48.0,140.0,140.0,17.0,21.0,,,,
2023-01-07,50.0,10152.0,10132.0,94.0,18.3,,0.08,60.0,37.0,86.0,63.0,51.0,140.0,140.0,38.0,55.0,1.0,,,
2023-01-08,100.0,10149.0,10135.0,117.0,11.6,,0.31,78.0,56.0,89.0,62.0,50.0,130.0,150.0,29.1,40.0,1.0,,,
2023-01-09,106.0,10078.0,10058.0,122.0,9.4,,0.91,82.0,67.0,93.0,60.0,50.0,130.0,140.0,30.0,40.9,1.0,,,
2023-01-10,78.0,10108.0,10098.0,100.0,9.6,,0.43,78.0,67.0,86.0,58.0,49.0,200.0,200.0,36.0,57.9,1.0,,1.0,
2023-01-11,94.0,10186.0,10169.0,106.0,18.1,,0.0,81.0,77.0,87.0,58.0,51.0,140.0,140.0,31.1,42.9,,,,
2023-01-12,89.0,10190.0,10169.0,117.0,10.7,,0.0,66.0,49.0,78.0,68.0,54.0,130.0,100.0,21.0,32.0,,,,
2023-01-13,89.0,10156.0,10139.0,111.0,10.1,,0.23,73.0,48.0,90.0,60.0,54.0,150.0,150.0,21.9,28.0,1.0,,,1.0
2023-01-14,100.0,10068.0,10047.0,111.0,9.6,,0.62,83.0,67.0,90.0,60.0,49.0,130.0,140.0,25.9,36.9,1.0,,,1.0
2023-01-15,78.0,10051.0,10034.0,89.0,7.6,,0.67,85.0,80.0,90.0,53.0,46.0,130.0,120.0,17.0,25.1,1.0,,,
2023-01-16,61.0,10054.0,10020.0,83.0,9.6,,0.85,76.0,62.0,90.0,55.0,45.0,320.0,320.0,25.1,33.1,1.0,,,
2023-01-17,33.0,10163.0,10146.0,61.0,2.9,,0.0,73.0,46.0,93.0,57.0,38.0,330.0,320.0,10.1,17.0,,,,
2023-01-18,39.0,10210.0,10196.0,67.0,4.3,,0.01,70.0,48.0,86.0,58.0,38.0,170.0,150.0,13.0,19.9,,,,
2023-01-19,44.0,10230.0,10210.0,67.0,5.4,,0.03,75.0,63.0,90.0,54.0,41.0,340.0,350.0,18.1,27.1,1.0,,,
2023-01-20,-6.0,10257.0,10240.0,44.0,4.7,,0.0,57.0,38.0,83.0,55.0,38.0,310.0,320.0,15.0,21.0,,,,
2023-01-21,0.0,10288.0,10268.0,39.0,3.1,,0.0,61.0,40.0,83.0,57.0,33.0,330.0,330.0,12.1,15.0,,,,
2023-01-22,-6.0,10224.0,10207.0,50.0,8.5,,0.0,55.0,23.0,80.0,60.0,38.0,310.0,300.0,21.0,25.1,,,,1.0
2023-01-23,-44.0,10210.0,10193.0,50.0,9.2,,0.0,34.0,24.0,58.0,61.0,44.0,340.0,360.0,19.9,31.1,,,,
2023-01-24,0.0,10268.0,10254.0,56.0,2.7,,0.0,54.0,27.0,76.0,64.0,36.0,310.0,310.0,16.1,21.9,,,,
2023-01-25,11.0,10274.0,10257.0,72.0,5.8,,0.0,51.0,26.0,79.0,68.0,39.0,280.0,360.0,16.1,25.1,,,,
2023-01-26,17.0,10288.0,10271.0,78.0,4.3,,0.0,50.0,30.0,68.0,67.0,42.0,320.0,310.0,14.1,19.0,,,,
2023-01-27,39.0,10220.0,10200.0,72.0,3.8,,0.0,69.0,38.0,83.0,63.0,39.0,320.0,340.0,13.0,16.1,,,,
2023-01-28,56.0,10159.0,10146.0,83.0,4.7,,0.0,72.0,39.0,89.0,62.0,44.0,350.0,350.0,17.0,25.1,1.0,,,
2023-01-29,39.0,10115.0,10098.0,67.0,8.5,,0.0,70.0,53.0,80.0,54.0,44.0,300.0,300.0,19.9,25.9,,,,
2023-01-30,-83.0,10179.0,10163.0,22.0,4.7,,0.0,31.0,20.0,47.0,57.0,38.0,30.0,60.0,13.0,23.0,,,,
2023-01-31,-72.0,10220.0,10200.0,28.0,4.0,1528.0,0.0,34.0,15.0,55.0,60.0,34.0,340.0,300.0,10.1,15.0,,,,
2023-02-01,-22.0,10227.0,10207.0,39.0,,,0.0,50.0,26.0,65.0,61.0,33.0,,,,,,,,
2023-02-02,-11.0,10234.0,10213.0,56.0,3.6,,0.0,49.0,21.0,76.0,65.0,37.0,210.0,200.0,21.0,30.0,,,,
2023-02-03,50.0,10227.0,10213.0,89.0,4.5,,0.14,70.0,32.0,90.0,58.0,48.0,350.0,10.0,12.1,19.9,1.0,1.0,,
2023-02-04,94.0,10176.0,10169.0,111.0,7.8,,0.12,79.0,56.0,93.0,65.0,48.0,200.0,190.0,21.9,32.0,1.0,1.0,,
2023-02-05,67.0,10240.0,10224.0,89.0,7.4,,0.19,77.0,57.0,89.0,57.0,47.0,310.0,320.0,31.1,36.9,,,1.0,1.0
2023-02-06,39.0,10284.0,10268.0,72.0,4.9,,0.0,68.0,44.0,86.0,60.0,40.0,310.0,340.0,15.0,19.0,,,,
2023-02-07,39.0,10274.0,10257.0,72.0,3.6,,0.0,67.0,46.0,86.0,61.0,38.0,330.0,330.0,14.1,19.9,,,,
2023-02-08,44.0,10271.0,10254.0,78.0,2.9,,0.0,68.0,41.0,86.0,64.0,39.0,340.0,330.0,10.1,15.0,,,,
2023-02-09,50.0,10251.0,10230.0,83.0,2.9,,0.0,66.0,38.0,83.0,68.0,41.0,320.0,310.0,16.1,19.0,,,,
2023-02-10,50.0,10217.0,10200.0,78.0,6.5,,0.0,73.0,53.0,89.0,61.0,40.0,310.0,300.0,19.9,25.1,,,,
2023-02-11,44.0,10146.0,10135.0,72.0,6.7,,0.06,73.0,53.0,90.0,55.0,43.0,330.0,50.0,17.0,25.9,1.0,,,
2023-02-12,33.0,10146.0,10129.0,67.0,4.0,,0.0,64.0,38.0,86.0,65.0,37.0,330.0,330.0,15.0,18.1,,,,
2023-02-13,50.0,10132.0,10112.0,78.0,8.3,,0.0,69.0,58.0,93.0,62.0,40.0,330.0,330.0,23.9,32.0,1.0,1.0,,1.0
2023-02-14,6.0,10176.0,10156.0,50.0,13.9,,0.01,59.0,37.0,73.0,53.0,40.0,310.0,300.0,28.0,40.0,,,1.0,
2023-02-15,-39.0,10237.0,10220.0,33.0,8.3,,0.0,43.0,28.0,63.0,57.0,38.0,330.0,330.0,21.0,27.1,,,,
2023-02-16,-28.0,10234.0,10213.0,39.0,5.4,,0.0,47.0,22.0,67.0,61.0,36.0,180.0,170.0,15.0,23.9,,,,
2023-02-17,-22.0,10193.0,10176.0,44.0,2.0,,0.0,49.0,15.0,79.0,63.0,36.0,320.0,330.0,13.0,16.1,,,,
2023-02-18,-28.0,10179.0,10163.0,44.0,4.5,,0.0,44.0,16.0,70.0,66.0,33.0,330.0,340.0,10.1,13.0,,,,
2023-02-19,0.0,10186.0,10169.0,61.0,4.3,,0.0,49.0,27.0,70.0,67.0,37.0,340.0,340.0,10.1,15.0,,,,
2023-02-20,28.0,10196.0,10176.0,78.0,4.0,,0.0,57.0,32.0,77.0,69.0,40.0,320.0,330.0,12.1,16.1,,,,
2023-02-21,33.0,10108.0,10085.0,67.0,14.8,,0.0,65.0,45.0,83.0,59.0,44.0,300.0,310.0,40.9,61.1,,,,
2023-02-22,-6.0,10095.0,10078.0,44.0,12.3,,0.01,59.0,39.0,79.0,52.0,40.0,290.0,300.0,21.9,30.0,,,,
2023-02-23,11.0,10102.0,10085.0,44.0,11.2,,0.07,70.0,46.0,86.0,51.0,36.0,120.0,130.0,31.1,40.9,,,,
2023-02-24,28.0,10061.0,10041.0,50.0,8.5,,0.57,76.0,58.0,86.0,50.0,38.0,140.0,140.0,25.9,36.9,1.0,,1.0,
2023-02-25,28.0,10122.0,10105.0,56.0,3.8,,0.0,70.0,48.0,86.0,54.0,38.0,320.0,340.0,16.1,19.9,,,,
2023-02-26,44.0,10166.0,10149.0,67.0,8.9,,0.12,76.0,66.0,86.0,52.0,44.0,130.0,130.0,21.9,28.0,1.0,,,
2023-02-27,33.0,10152.0,10129.0,56.0,5.8,,0.4,80.0,66.0,89.0,50.0,38.0,140.0,130.0,18.1,27.1,1.0,,,1.0
2023-02-28,50.0,10122.0,10102.0,67.0,9.4,,0.33,81.0,69.0,86.0,53.0,41.0,320.0,320.0,18.1,25.1,1.0,,,
2023-03-01,6.0,10132.0,10112.0,44.0,12.5,,0.01,63.0,38.0,83.0,54.0,39.0,300.0,290.0,25.9,36.0,1.0,,,
2023-03-02,6.0,10203.0,10186.0,56.0,4.9,,0.0,58.0,18.0,79.0,61.0,37.0,350.0,10.0,17.0,25.1,,,,
2023-03-03,44.0,10176.0,10159.0,67.0,5.8,,0.0,73.0,58.0,86.0,58.0,39.0,350.0,340.0,17.0,21.9,,,,
2023-03-04,28.0,10129.0,10112.0,61.0,8.3,,0.07,66.0,56.0,80.0,55.0,43.0,190.0,190.0,21.0,29.1,,,,
2023-03-05,28.0,10156.0,10142.0,56.0,6.5,,0.14,69.0,44.0,86.0,54.0,39.0,290.0,170.0,18.1,25.1,1.0,,,
2023-03-06,28.0,10210.0,10193.0,56.0,6.0,,0.13,70.0,43.0,83.0,,,,,,,,,,
